Date,State,electric_vehicles_sold,total_vehicles_sold,Population
2021-04-01,Andaman & Nicobar Islands,9,683,36861.95652395882
2021-04-01,Andhra Pradesh,462,71281,8183257.597776803
2021-04-01,Arunachal Pradesh,0,1980,133902.75020776642
2021-04-01,Assam,7,36920,3019197.4154505488
2021-04-01,Bihar,51,86787,10071634.677657714
2021-04-01,Chandigarh,8,2626,102071.82187080462
2021-04-01,Chhattisgarh,36,11837,2471492.5968622784
2021-04-01,DNH and DD,1,935,56792.568187831566
2021-04-01,Delhi,333,22309,1624248.1000635717
2021-04-01,Goa,44,4816,141159.04086208902
2021-04-01,Gujarat,142,66391,5847602.761963441
2021-04-01,Haryana,104,46554,2452722.991703097
2021-04-01,Himachal Pradesh,10,7904,664192.471225662
2021-04-01,Jammu & Kashmir,22,11981,1213348.5479447967
2021-04-01,Jharkhand,83,30394,3191606.881397254
2021-04-01,Karnataka,1639,76843,5910974.367011191
2021-04-01,Kerala,511,81284,3232048.6079773447
2021-04-01,Ladakh,0,22,
2021-04-01,Madhya Pradesh,128,34847,7026701.618019834
2021-04-01,Maharashtra,524,62344,10872245.41318464
2021-04-01,Manipur,2,3856,276319.5481166048
2021-04-01,Meghalaya,1,2119,287058.8582850021
2021-04-01,Mizoram,0,1788,106135.34463722524
2021-04-01,Nagaland,0,1308,191469.3227320591
2021-04-01,Odisha,196,42054,4061007.25232716
2021-04-01,Puducherry,18,3236,120744.6764879281
2021-04-01,Punjab,13,33303,2684150.2883049594
2021-04-01,Rajasthan,347,59475,6632056.156966744
2021-04-01,Sikkim,0,759,59114.58119721481
2021-04-01,Tamil Nadu,1372,126484,6980261.357832171
2021-04-01,Tripura,0,3195,355461.49151974986
2021-04-01,Uttar Pradesh,175,160896,19331919.309620105
2021-04-01,Uttarakhand,44,10335,975825.9671933034
2021-04-01,West Bengal,33,73525,8831002.476852667
2021-05-01,Andaman & Nicobar Islands,0,5,36880.359897161
2021-05-01,Andhra Pradesh,217,47201,8187343.098324869
2021-05-01,Arunachal Pradesh,0,854,133969.6013062226
2021-05-01,Assam,0,18018,3020704.753151722
2021-05-01,Bihar,8,57525,10076662.952584151
2021-05-01,Chandigarh,1,824,102122.7813425324
2021-05-01,Chhattisgarh,6,6667,2472726.4923175266
2021-05-01,DNH and DD,0,654,56820.92194129529
2021-05-01,Delhi,0,43,1625059.0077520704
2021-05-01,Goa,31,772,141229.5146718055
2021-05-01,Gujarat,135,49378,5850522.184211051
2021-05-01,Haryana,18,11688,2453947.516411885
2021-05-01,Himachal Pradesh,5,3224,664524.0700630188
2021-05-01,Jammu & Kashmir,50,4288,1213954.313570331
2021-05-01,Jharkhand,40,23970,3193200.294717971
2021-05-01,Karnataka,142,5588,5913925.427603808
2021-05-01,Kerala,143,11839,3233662.2118754857
2021-05-01,Ladakh,0,81,
2021-05-01,Madhya Pradesh,1,6497,7030209.70669583
2021-05-01,Maharashtra,310,30155,10877673.39392013
2021-05-01,Manipur,0,297,276457.50096139585
2021-05-01,Meghalaya,1,420,287202.1727424584
2021-05-01,Mizoram,0,19,106188.3328272588
2021-05-01,Nagaland,0,251,191564.91400651343
2021-05-01,Odisha,28,6622,4063034.7147596735
2021-05-01,Puducherry,5,433,120804.958403299
2021-05-01,Punjab,21,19568,2685490.3533515423
2021-05-01,Rajasthan,40,21558,6635367.2184529975
2021-05-01,Sikkim,0,211,59144.09421828181
2021-05-01,Tamil Nadu,251,21250,6983746.2611561
2021-05-01,Tripura,0,2255,355638.95606868627
2021-05-01,Uttar Pradesh,28,161474,19341570.792051267
2021-05-01,Uttarakhand,6,4102,976313.1494035844
2021-05-01,West Bengal,12,32868,8835411.364759233
2021-06-01,Andaman & Nicobar Islands,0,2,36898.76327036317
2021-06-01,Andhra Pradesh,408,59965,8191428.5988729345
2021-06-01,Arunachal Pradesh,0,1292,134036.45240467883
2021-06-01,Assam,7,26428,3022212.0908528958
2021-06-01,Bihar,71,106463,10081691.227510592
2021-06-01,Chandigarh,14,3364,102173.74081426024
2021-06-01,Chhattisgarh,143,36334,2473960.387772775
2021-06-01,DNH and DD,3,861,56849.27569475901
2021-06-01,Delhi,353,35100,1625869.9154405694
2021-06-01,Goa,31,2282,141299.98848152196
2021-06-01,Gujarat,268,78480,5853441.606458661
2021-06-01,Haryana,78,45377,2455172.041120673
2021-06-01,Himachal Pradesh,26,8291,664855.6689003756
2021-06-01,Jammu & Kashmir,88,13146,1214560.079195865
2021-06-01,Jharkhand,46,37938,3194793.7080386886
2021-06-01,Karnataka,631,27432,5916876.488196425
2021-06-01,Kerala,324,27846,3235275.8157736277
2021-06-01,Ladakh,0,115,
2021-06-01,Madhya Pradesh,240,103020,7033717.795371826
2021-06-01,Maharashtra,1081,99915,10883101.37465562
2021-06-01,Manipur,0,107,276595.45380618697
2021-06-01,Meghalaya,0,600,287345.4871999147
2021-06-01,Mizoram,0,946,106241.32101729236
2021-06-01,Nagaland,0,96,191660.50528096777
2021-06-01,Odisha,149,26234,4065062.177192188
2021-06-01,Puducherry,31,3004,120865.2403186699
2021-06-01,Punjab,74,30519,2686830.4183981246
2021-06-01,Rajasthan,549,71879,6638678.279939251
2021-06-01,Sikkim,0,473,59173.607239348814
2021-06-01,Tamil Nadu,702,52990,6987231.164480031
2021-06-01,Tripura,1,1708,355816.4206176228
2021-06-01,Uttar Pradesh,95,290113,19351222.274482425
2021-06-01,Uttarakhand,44,12738,976800.3316138656
2021-06-01,West Bengal,30,73670,8839820.2526658
2021-07-01,Andaman & Nicobar Islands,8,643,36917.16664356535
2021-07-01,Andhra Pradesh,847,66042,8195514.099420999
2021-07-01,Arunachal Pradesh,0,1655,134103.303503135
2021-07-01,Assam,22,27509,3023719.428554069
2021-07-01,Bihar,194,76000,10086719.50243703
2021-07-01,Chandigarh,20,3202,102224.70028598804
2021-07-01,Chhattisgarh,265,35558,2475194.2832280225
2021-07-01,DNH and DD,3,980,56877.62944822272
2021-07-01,Delhi,949,39988,1626680.8231290684
2021-07-01,Goa,74,2676,141370.4622912384
2021-07-01,Gujarat,411,92433,5856361.028706271
2021-07-01,Haryana,140,39000,2456396.565829462
2021-07-01,Himachal Pradesh,20,10354,665187.2677377324
2021-07-01,Jammu & Kashmir,204,15440,1215165.844821399
2021-07-01,Jharkhand,112,34532,3196387.1213594056
2021-07-01,Karnataka,3580,105641,5919827.548789041
2021-07-01,Kerala,595,59861,3236889.4196717683
2021-07-01,Ladakh,0,603,
2021-07-01,Madhya Pradesh,486,113675,7037225.884047821
2021-07-01,Maharashtra,2387,184146,10888529.355391106
2021-07-01,Manipur,0,542,276733.406650978
2021-07-01,Meghalaya,1,1485,287488.801657371
2021-07-01,Mizoram,0,1315,106294.30920732592
2021-07-01,Nagaland,0,1622,191756.0965554221
2021-07-01,Odisha,327,43632,4067089.639624703
2021-07-01,Puducherry,38,4458,120925.5222340408
2021-07-01,Punjab,321,36589,2688170.4834447065
2021-07-01,Rajasthan,1430,81682,6641989.341425505
2021-07-01,Sikkim,0,910,59203.120260415824
2021-07-01,Tamil Nadu,2889,143665,6990716.06780396
2021-07-01,Tripura,0,2563,355993.8851665592
2021-07-01,Uttar Pradesh,311,243179,19360873.75691359
2021-07-01,Uttarakhand,87,16450,977287.5138241468
2021-07-01,West Bengal,73,85584,8844229.140572365
2021-08-01,Andaman & Nicobar Islands,1,516,36935.57001676752
2021-08-01,Andhra Pradesh,744,66718,8199599.599969068
2021-08-01,Arunachal Pradesh,0,1884,134170.1546015912
2021-08-01,Assam,28,31544,3025226.7662552428
2021-08-01,Bihar,198,60342,10091747.777363472
2021-08-01,Chandigarh,28,3225,102275.65975771584
2021-08-01,Chhattisgarh,249,31841,2476428.178683271
2021-08-01,DNH and DD,2,905,56905.98320168645
2021-08-01,Delhi,1152,39246,1627491.7308175678
2021-08-01,Goa,41,3755,141440.9361009549
2021-08-01,Gujarat,667,75115,5859280.450953882
2021-08-01,Haryana,444,46369,2457621.0905382507
2021-08-01,Himachal Pradesh,32,9071,665518.8665750893
2021-08-01,Jammu & Kashmir,122,15408,1215771.6104469332
2021-08-01,Jharkhand,140,31702,3197980.534680124
2021-08-01,Karnataka,3456,101726,5922778.609381659
2021-08-01,Kerala,781,75320,3238503.0235699103
2021-08-01,Ladakh,0,489,
2021-08-01,Madhya Pradesh,483,80617,7040733.972723818
2021-08-01,Maharashtra,2616,154203,10893957.336126598
2021-08-01,Manipur,0,1577,276871.35949576925
2021-08-01,Meghalaya,0,1867,287632.1161148274
2021-08-01,Mizoram,0,1297,106347.2973973595
2021-08-01,Nagaland,0,1340,191851.6878298765
2021-08-01,Odisha,489,39274,4069117.1020572186
2021-08-01,Puducherry,35,4333,120985.80414941174
2021-08-01,Punjab,346,36585,2689510.5484912903
2021-08-01,Rajasthan,1504,68475,6645300.40291176
2021-08-01,Sikkim,0,897,59232.63328148284
2021-08-01,Tamil Nadu,2833,130305,6994200.971127891
2021-08-01,Tripura,0,2924,356171.3497154957
2021-08-01,Uttar Pradesh,534,170746,19370525.23934476
2021-08-01,Uttarakhand,120,14952,977774.6960344282
2021-08-01,West Bengal,108,72811,8848638.028478933
2021-09-01,Andaman & Nicobar Islands,0,416,36953.9733899697
2021-09-01,Andhra Pradesh,805,59716,8203685.100517133
2021-09-01,Arunachal Pradesh,0,1897,134237.00570004742
2021-09-01,Assam,38,30474,3026734.103956416
2021-09-01,Bihar,479,52360,10096776.052289909
2021-09-01,Chandigarh,45,2769,102326.61922944366
2021-09-01,Chhattisgarh,256,28440,2477662.07413852
2021-09-01,DNH and DD,1,1014,56934.33695515017
2021-09-01,Delhi,1074,26528,1628302.6385060668
2021-09-01,Goa,121,4358,141511.40991067133
2021-09-01,Gujarat,1090,96617,5862199.873201492
2021-09-01,Haryana,698,47469,2458845.6152470387
2021-09-01,Himachal Pradesh,34,8354,665850.4654124461
2021-09-01,Jammu & Kashmir,158,11127,1216377.3760724673
2021-09-01,Jharkhand,161,28420,3199573.9480008413
2021-09-01,Karnataka,3766,101699,5925729.669974275
2021-09-01,Kerala,953,70308,3240116.627468052
2021-09-01,Ladakh,0,470,
2021-09-01,Madhya Pradesh,613,76922,7044242.061399815
2021-09-01,Maharashtra,2314,120251,10899385.316862086
2021-09-01,Manipur,0,4694,277009.3123405603
2021-09-01,Meghalaya,0,2301,287775.4305722837
2021-09-01,Mizoram,0,1729,106400.28558739308
2021-09-01,Nagaland,1,1259,191947.27910433084
2021-09-01,Odisha,492,33220,4071144.564489733
2021-09-01,Puducherry,50,3851,121046.08606478262
2021-09-01,Punjab,490,32340,2690850.613537872
2021-09-01,Rajasthan,1694,59537,6648611.464398013
2021-09-01,Sikkim,0,895,59262.146302549845
2021-09-01,Tamil Nadu,2987,127300,6997685.874451822
2021-09-01,Tripura,0,3139,356348.8142644322
2021-09-01,Uttar Pradesh,734,156472,19380176.72177592
2021-09-01,Uttarakhand,179,13097,978261.8782447096
2021-09-01,West Bengal,118,74867,8853046.9163855
2021-10-01,Andaman & Nicobar Islands,1,430,36972.37676317187
2021-10-01,Andhra Pradesh,1030,95476,8207770.601065199
2021-10-01,Arunachal Pradesh,0,1679,134303.85679850358
2021-10-01,Assam,28,38032,3028241.4416575897
2021-10-01,Bihar,477,56517,10101804.327216348
2021-10-01,Chandigarh,30,3608,102377.57870117149
2021-10-01,Chhattisgarh,312,38719,2478895.9695937675
2021-10-01,DNH and DD,2,961,56962.69070861388
2021-10-01,Delhi,1248,38963,1629113.5461945657
2021-10-01,Goa,191,5079,141581.8837203878
2021-10-01,Gujarat,1564,107884,5865119.295449102
2021-10-01,Haryana,513,38525,2460070.139955827
2021-10-01,Himachal Pradesh,30,7852,666182.0642498028
2021-10-01,Jammu & Kashmir,201,12806,1216983.1416980012
2021-10-01,Jharkhand,258,33683,3201167.3613215582
2021-10-01,Karnataka,3872,94906,5928680.730566892
2021-10-01,Kerala,991,56939,3241730.231366193
2021-10-01,Ladakh,6,307,
2021-10-01,Madhya Pradesh,565,61629,7047750.15007581
2021-10-01,Maharashtra,3852,165103,10904813.297597574
2021-10-01,Manipur,6,3014,277147.2651853514
2021-10-01,Meghalaya,0,2136,287918.74502974
2021-10-01,Mizoram,0,2169,106453.2737774266
2021-10-01,Nagaland,0,1217,192042.8703787852
2021-10-01,Odisha,950,58538,4073172.026922248
2021-10-01,Puducherry,31,3448,121106.36798015352
2021-10-01,Punjab,421,38463,2692190.6785844546
2021-10-01,Rajasthan,1688,78449,6651922.525884267
2021-10-01,Sikkim,0,800,59291.65932361684
2021-10-01,Tamil Nadu,2649,100470,7001170.777775751
2021-10-01,Tripura,0,3381,356526.2788133686
2021-10-01,Uttar Pradesh,1032,153019,19389828.20420708
2021-10-01,Uttarakhand,142,16349,978749.0604549906
2021-10-01,West Bengal,100,60595,8857455.804292066
2021-11-01,Andaman & Nicobar Islands,0,538,36990.78013637405
2021-11-01,Andhra Pradesh,1148,72209,8211856.101613265
2021-11-01,Arunachal Pradesh,0,1908,134370.7078969598
2021-11-01,Assam,120,35204,3029748.779358763
2021-11-01,Bihar,615,114201,10106832.602142788
2021-11-01,Chandigarh,95,4002,102428.53817289928
2021-11-01,Chhattisgarh,523,67923,2480129.865049016
2021-11-01,DNH and DD,1,1268,56991.0444620776
2021-11-01,Delhi,1454,49492,1629924.4538830644
2021-11-01,Goa,198,5397,141652.35753010426
2021-11-01,Gujarat,1690,133155,5868038.717696712
2021-11-01,Haryana,884,59992,2461294.664664615
2021-11-01,Himachal Pradesh,61,11894,666513.6630871596
2021-11-01,Jammu & Kashmir,64,12792,1217588.9073235353
2021-11-01,Jharkhand,378,56675,3202760.774642276
2021-11-01,Karnataka,3583,91691,5931631.791159508
2021-11-01,Kerala,1162,58962,3243343.8352643345
2021-11-01,Ladakh,0,315,
2021-11-01,Madhya Pradesh,971,112439,7051258.238751805
2021-11-01,Maharashtra,4199,196648,10910241.278333064
2021-11-01,Manipur,3,3365,277285.2180301425
2021-11-01,Meghalaya,0,2248,288062.05948719627
2021-11-01,Mizoram,0,2148,106506.26196746016
2021-11-01,Nagaland,0,1284,192138.4616532395
2021-11-01,Odisha,861,46223,4075199.489354762
2021-11-01,Puducherry,48,3421,121166.64989552445
2021-11-01,Punjab,806,55564,2693530.743631037
2021-11-01,Rajasthan,2344,157483,6655233.58737052
2021-11-01,Sikkim,0,829,59321.17234468385
2021-11-01,Tamil Nadu,2952,126736,7004655.68109968
2021-11-01,Tripura,0,4169,356703.7433623051
2021-11-01,Uttar Pradesh,1357,254978,19399479.68663824
2021-11-01,Uttarakhand,274,24931,979236.2426652716
2021-11-01,West Bengal,368,88655,8861864.692198632
2021-12-01,Andaman & Nicobar Islands,1,498,37009.18350957623
2021-12-01,Andhra Pradesh,1016,48760,8215941.602161333
2021-12-01,Arunachal Pradesh,0,1745,134437.558995416
2021-12-01,Assam,96,35129,3031256.117059937
2021-12-01,Bihar,474,68485,10111860.87706923
2021-12-01,Chandigarh,42,3237,102479.4976446271
2021-12-01,Chhattisgarh,505,28423,2481363.7605042644
2021-12-01,DNH and DD,5,1436,57019.39821554133
2021-12-01,Delhi,1535,31320,1630735.361571564
2021-12-01,Goa,172,4774,141722.83133982075
2021-12-01,Gujarat,2274,117269,5870958.139944324
2021-12-01,Haryana,681,56709,2462519.189373404
2021-12-01,Himachal Pradesh,74,10149,666845.2619245164
2021-12-01,Jammu & Kashmir,110,9382,1218194.6729490696
2021-12-01,Jharkhand,296,30335,3204354.187962994
2021-12-01,Karnataka,4534,99390,5934582.851752126
2021-12-01,Kerala,1293,60990,3244957.439162476
2021-12-01,Ladakh,0,182,
2021-12-01,Madhya Pradesh,931,122697,7054766.327427802
2021-12-01,Maharashtra,6167,163848,10915669.259068554
2021-12-01,Manipur,4,4498,277423.17087493365
2021-12-01,Meghalaya,0,1989,288205.3739446526
2021-12-01,Mizoram,0,2116,106559.25015749376
2021-12-01,Nagaland,0,893,192234.05292769388
2021-12-01,Odisha,959,31327,4077226.951787278
2021-12-01,Puducherry,83,3197,121226.93181089536
2021-12-01,Punjab,456,45911,2694870.8086776203
2021-12-01,Rajasthan,2192,73800,6658544.648856776
2021-12-01,Sikkim,0,848,59350.68536575086
2021-12-01,Tamil Nadu,3357,100486,7008140.584423612
2021-12-01,Tripura,1,3931,356881.2079112416
2021-12-01,Uttar Pradesh,1392,302487,19409131.16906941
2021-12-01,Uttarakhand,267,16902,979723.4248755532
2021-12-01,West Bengal,324,82441,8866273.5801052
2022-01-01,Andaman & Nicobar Islands,0,426,37058.01457134109
2022-01-01,Andhra Pradesh,1700,68130,8226781.969707613
2022-01-01,Arunachal Pradesh,0,1716,134614.94007017338
2022-01-01,Assam,92,31647,3035255.650166063
2022-01-01,Bihar,419,56918,10125202.779165449
2022-01-01,Chandigarh,26,2810,102614.71226447469
2022-01-01,Chhattisgarh,606,36656,2484637.748621806
2022-01-01,DNH and DD,6,1116,57094.63137369348
2022-01-01,Delhi,2044,38274,1632887.0042616122
2022-01-01,Goa,220,4200,141909.8248283114
2022-01-01,Gujarat,2288,80070,5878704.463758151
2022-01-01,Haryana,623,45972,2465768.313380756
2022-01-01,Himachal Pradesh,25,6580,667725.118194899
2022-01-01,Jammu & Kashmir,76,7524,1219801.9966907836
2022-01-01,Jharkhand,245,28958,3208582.112019422
2022-01-01,Karnataka,4595,96101,5942413.123979223
2022-01-01,Kerala,1611,63140,3249238.9364047786
2022-01-01,Ladakh,6,170,
2022-01-01,Madhya Pradesh,887,86368,7064074.604390523
2022-01-01,Maharashtra,5401,172709,10930071.73081334
2022-01-01,Manipur,5,4347,277789.2115898954
2022-01-01,Meghalaya,0,2175,288585.64103193965
2022-01-01,Mizoram,0,1698,106699.84772903196
2022-01-01,Nagaland,0,1132,192487.69248473496
2022-01-01,Odisha,1360,51625,4082606.571174464
2022-01-01,Puducherry,94,4802,121386.88237541646
2022-01-01,Punjab,559,38087,2698426.504600304
2022-01-01,Rajasthan,2451,63811,6667330.138677925
2022-01-01,Sikkim,0,670,59428.99449629765
2022-01-01,Tamil Nadu,4354,144893,7017387.34193844
2022-01-01,Tripura,5,3437,357352.0880186539
2022-01-01,Uttar Pradesh,1336,201495,19434740.177240964
2022-01-01,Uttarakhand,214,14654,981016.1022743996
2022-01-01,West Bengal,424,69039,8877972.015784066
2022-02-01,Andaman & Nicobar Islands,0,500,37076.54357862675
2022-02-01,Andhra Pradesh,2327,58374,8230895.360692467
2022-02-01,Arunachal Pradesh,0,1529,134682.24754020848
2022-02-01,Assam,111,31566,3036773.277991146
2022-02-01,Bihar,503,65416,10130265.380555032
2022-02-01,Chandigarh,33,3125,102666.01962060692
2022-02-01,Chhattisgarh,655,32430,2485880.0674961167
2022-02-01,DNH and DD,5,1171,57123.17868938033
2022-02-01,Delhi,2682,38021,1633703.4477637429
2022-02-01,Goa,329,4408,141980.77974072553
2022-02-01,Gujarat,2741,92670,5881643.81599003
2022-02-01,Haryana,705,42020,2467001.197537446
2022-02-01,Himachal Pradesh,62,7657,668058.9807539964
2022-02-01,Jammu & Kashmir,108,9515,1220411.8976891292
2022-02-01,Jharkhand,342,31509,3210186.4030754315
2022-02-01,Karnataka,5795,93173,5945384.330541212
2022-02-01,Kerala,2064,55848,3250863.555872981
2022-02-01,Ladakh,0,59,
2022-02-01,Madhya Pradesh,996,80596,7067606.641692719
2022-02-01,Maharashtra,7776,147848,10935536.766678749
2022-02-01,Manipur,3,5607,277928.10619569034
2022-02-01,Meghalaya,1,2062,288729.93385245564
2022-02-01,Mizoram,0,1953,106753.19765289647
2022-02-01,Nagaland,0,1277,192583.93633097733
2022-02-01,Odisha,1293,46879,4084647.8744600513
2022-02-01,Puducherry,117,4032,121447.57581660416
2022-02-01,Punjab,301,33970,2699775.717852604
2022-02-01,Rajasthan,2679,70979,6670663.803747263
2022-02-01,Sikkim,0,755,59458.7089935458
2022-02-01,Tamil Nadu,4641,125562,7020896.035609408
2022-02-01,Tripura,3,3045,357530.76406266325
2022-02-01,Uttar Pradesh,1224,192178,19444457.547329582
2022-02-01,Uttarakhand,247,13103,981506.6103255368
2022-02-01,West Bengal,428,64332,8882411.00179196
2022-03-01,Andaman & Nicobar Islands,2,491,37095.07258591242
2022-03-01,Andhra Pradesh,3224,58876,8235008.751677319
2022-03-01,Arunachal Pradesh,0,1790,134749.55501024355
2022-03-01,Assam,181,36979,3038290.9058162286
2022-03-01,Bihar,1340,91859,10135327.981944611
2022-03-01,Chandigarh,69,4162,102717.32697673916
2022-03-01,Chhattisgarh,978,35444,2487122.3863704274
2022-03-01,DNH and DD,6,1112,57151.726005067176
2022-03-01,Delhi,3711,42256,1634519.8912658736
2022-03-01,Goa,326,5855,142051.7346531397
2022-03-01,Gujarat,4756,105410,5884583.168221909
2022-03-01,Haryana,1038,48916,2468234.0816941364
2022-03-01,Himachal Pradesh,64,6936,668392.8433130939
2022-03-01,Jammu & Kashmir,231,10534,1221021.7986874743
2022-03-01,Jharkhand,612,43497,3211790.694131441
2022-03-01,Karnataka,7518,113704,5948355.537103201
2022-03-01,Kerala,3211,67238,3252488.175341183
2022-03-01,Ladakh,0,98,
2022-03-01,Madhya Pradesh,1615,87872,7071138.678994914
2022-03-01,Maharashtra,11747,169832,10941001.802544154
2022-03-01,Manipur,2,4225,278067.00080148526
2022-03-01,Meghalaya,0,2791,288874.2266729716
2022-03-01,Mizoram,0,2261,106806.54757676098
2022-03-01,Nagaland,0,1173,192680.18017721968
2022-03-01,Odisha,2394,53899,4086689.1777456384
2022-03-01,Puducherry,184,4730,121508.26925779188
2022-03-01,Punjab,720,42333,2701124.9311049045
2022-03-01,Rajasthan,3169,73857,6673997.468816602
2022-03-01,Sikkim,0,850,59488.423490793946
2022-03-01,Tamil Nadu,7876,144876,7024404.729280378
2022-03-01,Tripura,18,3988,357709.4401066725
2022-03-01,Uttar Pradesh,2004,210251,19454174.9174182
2022-03-01,Uttarakhand,455,15718,981997.118376674
2022-03-01,West Bengal,667,82322,8886849.98779985
2022-04-01,Andaman & Nicobar Islands,1,554,37113.601593198095
2022-04-01,Andhra Pradesh,2799,63724,8239122.142662175
2022-04-01,Arunachal Pradesh,0,1887,134816.86248027865
2022-04-01,Assam,170,33167,3039808.5336413123
2022-04-01,Bihar,483,88399,10140390.583334198
2022-04-01,Chandigarh,75,4048,102768.6343328714
2022-04-01,Chhattisgarh,1417,35704,2488364.7052447386
2022-04-01,DNH and DD,5,1235,57180.27332075403
2022-04-01,Delhi,3398,48037,1635336.3347680047
2022-04-01,Goa,408,5207,142122.68956555388
2022-04-01,Gujarat,6866,115182,5887522.520453788
2022-04-01,Haryana,1226,47279,2469466.965850827
2022-04-01,Himachal Pradesh,101,7777,668726.7058721915
2022-04-01,Jammu & Kashmir,128,12774,1221631.69968582
2022-04-01,Jharkhand,459,40154,3213394.985187452
2022-04-01,Karnataka,9125,124529,5951326.743665191
2022-04-01,Kerala,3183,58001,3254112.794809386
2022-04-01,Ladakh,0,456,
2022-04-01,Madhya Pradesh,1374,87040,7074670.71629711
2022-04-01,Maharashtra,7729,168418,10946466.838409564
2022-04-01,Manipur,2,2059,278205.89540728024
2022-04-01,Meghalaya,6,2332,289018.5194934876
2022-04-01,Mizoram,0,1853,106859.89750062552
2022-04-01,Nagaland,2,1167,192776.42402346208
2022-04-01,Odisha,2292,49778,4088730.481031226
2022-04-01,Puducherry,84,3746,121568.9626989796
2022-04-01,Punjab,820,40081,2702474.144357205
2022-04-01,Rajasthan,3858,85215,6677331.133885942
2022-04-01,Sikkim,0,835,59518.1379880421
2022-04-01,Tamil Nadu,5579,124142,7027913.422951348
2022-04-01,Tripura,20,3245,357888.116150682
2022-04-01,Uttar Pradesh,2408,257252,19463892.287506822
2022-04-01,Uttarakhand,651,17105,982487.6264278112
2022-04-01,West Bengal,855,77469,8891288.973807743
2022-05-01,Andaman & Nicobar Islands,0,468,37132.13060048377
2022-05-01,Andhra Pradesh,1674,54968,8243235.533647028
2022-05-01,Arunachal Pradesh,0,2206,134884.16995031375
2022-05-01,Assam,119,35500,3041326.1614663955
2022-05-01,Bihar,470,119529,10145453.18472378
2022-05-01,Chandigarh,64,4045,102819.94168900362
2022-05-01,Chhattisgarh,858,33218,2489607.02411905
2022-05-01,DNH and DD,7,1164,57208.82063644088
2022-05-01,Delhi,2510,44091,1636152.7782701354
2022-05-01,Goa,504,4698,142193.64447796802
2022-05-01,Gujarat,4571,91795,5890461.872685666
2022-05-01,Haryana,1209,50352,2470699.8500075177
2022-05-01,Himachal Pradesh,76,8909,669060.5684312888
2022-05-01,Jammu & Kashmir,126,14280,1222241.6006841653
2022-05-01,Jharkhand,434,43623,3214999.276243461
2022-05-01,Karnataka,6188,105225,5954297.950227181
2022-05-01,Kerala,2631,56220,3255737.414277588
2022-05-01,Ladakh,0,741,
2022-05-01,Madhya Pradesh,1353,108619,7078202.753599304
2022-05-01,Maharashtra,9708,157425,10951931.874274967
2022-05-01,Manipur,2,3087,278344.7900130752
2022-05-01,Meghalaya,3,2831,289162.81231400353
2022-05-01,Mizoram,1,2035,106913.24742449004
2022-05-01,Nagaland,1,1144,192872.66786970448
2022-05-01,Odisha,1754,43907,4090771.7843168136
2022-05-01,Puducherry,67,3848,121629.6561401673
2022-05-01,Punjab,495,40220,2703823.357609505
2022-05-01,Rajasthan,3825,90850,6680664.79895528
2022-05-01,Sikkim,0,882,59547.85248529025
2022-05-01,Tamil Nadu,3830,121933,7031422.116622317
2022-05-01,Tripura,14,3127,358066.79219469125
2022-05-01,Uttar Pradesh,1721,304657,19473609.657595444
2022-05-01,Uttarakhand,399,16878,982978.1344789484
2022-05-01,West Bengal,759,77062,8895727.959815634
2022-06-01,Andaman & Nicobar Islands,0,538,37150.65960776944
2022-06-01,Andhra Pradesh,1780,44190,8247348.9246318815
2022-06-01,Arunachal Pradesh,0,2274,134951.47742034882
2022-06-01,Assam,110,27520,3042843.789291478
2022-06-01,Bihar,732,85311,10150515.78611336
2022-06-01,Chandigarh,82,3801,102871.24904513586
2022-06-01,Chhattisgarh,1070,31960,2490849.34299336
2022-06-01,DNH and DD,5,1136,57237.36795212772
2022-06-01,Delhi,3022,42604,1636969.221772266
2022-06-01,Goa,439,4384,142264.59939038215
2022-06-01,Gujarat,5659,109741,5893401.224917546
2022-06-01,Haryana,992,47800,2471932.734164208
2022-06-01,Himachal Pradesh,106,9067,669394.4309903863
2022-06-01,Jammu & Kashmir,163,12303,1222851.5016825106
2022-06-01,Jharkhand,480,36747,3216603.567299471
2022-06-01,Karnataka,7159,114524,5957269.156789171
2022-06-01,Kerala,2913,60501,3257362.0337457904
2022-06-01,Ladakh,14,900,
2022-06-01,Madhya Pradesh,1476,95893,7081734.790901499
2022-06-01,Maharashtra,8962,151312,10957396.910140377
2022-06-01,Manipur,13,4420,278483.68461887015
2022-06-01,Meghalaya,3,2378,289307.1051345195
2022-06-01,Mizoram,2,2123,106966.59734835454
2022-06-01,Nagaland,0,1329,192968.9117159468
2022-06-01,Odisha,1725,44921,4092813.0876024
2022-06-01,Puducherry,94,4139,121690.349581355
2022-06-01,Punjab,517,37644,2705172.5708618048
2022-06-01,Rajasthan,3563,71840,6683998.464024619
2022-06-01,Sikkim,0,875,59577.5669825384
2022-06-01,Tamil Nadu,3948,131332,7034930.810293286
2022-06-01,Tripura,21,3115,358245.46823870053
2022-06-01,Uttar Pradesh,1378,226231,19483327.027684063
2022-06-01,Uttarakhand,412,17080,983468.6425300856
2022-06-01,West Bengal,751,76285,8900166.945823526
2022-07-01,Andaman & Nicobar Islands,0,512,37169.18861505511
2022-07-01,Andhra Pradesh,1984,49389,8251462.315616734
2022-07-01,Arunachal Pradesh,1,2128,135018.7848903839
2022-07-01,Assam,131,33572,3044361.417116561
2022-07-01,Bihar,648,67988,10155578.387502942
2022-07-01,Chandigarh,79,4795,102922.5564012681
2022-07-01,Chhattisgarh,1338,30860,2492091.661867671
2022-07-01,DNH and DD,9,1079,57265.91526781456
2022-07-01,Delhi,3096,46710,1637785.6652743968
2022-07-01,Goa,686,4346,142335.5543027963
2022-07-01,Gujarat,5900,108076,5896340.577149425
2022-07-01,Haryana,845,48196,2473165.618320898
2022-07-01,Himachal Pradesh,98,8995,669728.2935494836
2022-07-01,Jammu & Kashmir,325,13294,1223461.4026808562
2022-07-01,Jharkhand,596,36309,3218207.85835548
2022-07-01,Karnataka,6047,96655,5960240.36335116
2022-07-01,Kerala,2256,52684,3258986.6532139927
2022-07-01,Ladakh,1,599,
2022-07-01,Madhya Pradesh,1767,93016,7085266.828203694
2022-07-01,Maharashtra,9544,146995,10962861.94600578
2022-07-01,Manipur,21,4878,278622.57922466507
2022-07-01,Meghalaya,5,2416,289451.3979550355
2022-07-01,Mizoram,1,1746,107019.94727221904
2022-07-01,Nagaland,0,1096,193065.15556218915
2022-07-01,Odisha,1845,37885,4094854.390887987
2022-07-01,Puducherry,76,3979,121751.04302254273
2022-07-01,Punjab,610,36497,2706521.7841141047
2022-07-01,Rajasthan,4676,76569,6687332.129093957
2022-07-01,Sikkim,0,848,59607.281479786536
2022-07-01,Tamil Nadu,4356,121630,7038439.503964255
2022-07-01,Tripura,2,3034,358424.14428270987
2022-07-01,Uttar Pradesh,1847,181102,19493044.397772685
2022-07-01,Uttarakhand,438,16423,983959.1505812226
2022-07-01,West Bengal,782,70922,8904605.931831418
2022-08-01,Andaman & Nicobar Islands,0,552,37187.71762234078
2022-08-01,Andhra Pradesh,1962,61856,8255575.70660159
2022-08-01,Arunachal Pradesh,0,2110,135086.092360419
2022-08-01,Assam,212,34199,3045879.044941644
2022-08-01,Bihar,864,69577,10160640.988892527
2022-08-01,Chandigarh,78,3799,102973.86375740037
2022-08-01,Chhattisgarh,1395,27120,2493333.9807419823
2022-08-01,DNH and DD,7,1045,57294.462583501416
2022-08-01,Delhi,3702,48184,1638602.108776528
2022-08-01,Goa,347,6867,142406.50921521048
2022-08-01,Gujarat,5289,98553,5899279.929381304
2022-08-01,Haryana,1078,51881,2474398.5024775886
2022-08-01,Himachal Pradesh,61,8798,670062.1561085812
2022-08-01,Jammu & Kashmir,185,13430,1224071.3036792015
2022-08-01,Jharkhand,576,29372,3219812.14941149
2022-08-01,Karnataka,7839,112535,5963211.569913151
2022-08-01,Kerala,3411,72005,3260611.2726821955
2022-08-01,Ladakh,9,491,
2022-08-01,Madhya Pradesh,2003,114118,7088798.86550589
2022-08-01,Maharashtra,10715,159059,10968326.98187119
2022-08-01,Manipur,8,4270,278761.47383046005
2022-08-01,Meghalaya,2,2854,289595.6907755515
2022-08-01,Mizoram,6,2470,107073.2971960836
2022-08-01,Nagaland,0,1398,193161.39940843155
2022-08-01,Odisha,2050,36256,4096895.694173576
2022-08-01,Puducherry,95,4568,121811.73646373044
2022-08-01,Punjab,648,42504,2707870.9973664056
2022-08-01,Rajasthan,4304,72769,6690665.794163298
2022-08-01,Sikkim,0,815,59636.9959770347
2022-08-01,Tamil Nadu,5488,141256,7041948.197635225
2022-08-01,Tripura,14,3046,358602.82032671926
2022-08-01,Uttar Pradesh,1935,157481,19502761.76786131
2022-08-01,Uttarakhand,528,16310,984449.65863236
2022-08-01,West Bengal,773,71428,8909044.917839311
2022-09-01,Andaman & Nicobar Islands,0,612,37206.24662962645
2022-09-01,Andhra Pradesh,2300,60807,8259689.097586444
2022-09-01,Arunachal Pradesh,0,1999,135153.3998304541
2022-09-01,Assam,213,40419,3047396.672766727
2022-09-01,Bihar,965,59679,10165703.59028211
2022-09-01,Chandigarh,96,4048,103025.17111353256
2022-09-01,Chhattisgarh,1240,27443,2494576.299616293
2022-09-01,DNH and DD,9,1019,57323.00989918826
2022-09-01,Delhi,2772,39485,1639418.5522786586
2022-09-01,Goa,442,5765,142477.46412762464
2022-09-01,Gujarat,5632,103022,5902219.281613183
2022-09-01,Haryana,897,39972,2475631.386634279
2022-09-01,Himachal Pradesh,71,6916,670396.0186676787
2022-09-01,Jammu & Kashmir,224,12752,1224681.2046775469
2022-09-01,Jharkhand,529,27941,3221416.4404675
2022-09-01,Karnataka,8109,113117,5966182.77647514
2022-09-01,Kerala,3497,73428,3262235.892150398
2022-09-01,Ladakh,0,219,
2022-09-01,Madhya Pradesh,1959,64325,7092330.902808085
2022-09-01,Maharashtra,11669,156285,10973792.017736595
2022-09-01,Manipur,1,3293,278900.368436255
2022-09-01,Meghalaya,3,2766,289739.9835960674
2022-09-01,Mizoram,4,1947,107126.64711994807
2022-09-01,Nagaland,0,1369,193257.6432546739
2022-09-01,Odisha,2237,42080,4098936.997459162
2022-09-01,Puducherry,116,4630,121872.42990491811
2022-09-01,Punjab,594,36375,2709220.210618705
2022-09-01,Rajasthan,4827,66464,6693999.459232636
2022-09-01,Sikkim,0,1024,59666.710474282845
2022-09-01,Tamil Nadu,5330,143024,7045456.8913061945
2022-09-01,Tripura,17,4307,358781.4963707286
2022-09-01,Uttar Pradesh,1810,120070,19512479.13794993
2022-09-01,Uttarakhand,415,12391,984940.1666834973
2022-09-01,West Bengal,850,75728,8913483.903847203
2022-10-01,Andaman & Nicobar Islands,0,553,37224.77563691212
2022-10-01,Andhra Pradesh,2625,82449,8263802.488571296
2022-10-01,Arunachal Pradesh,0,1591,135220.70730048916
2022-10-01,Assam,205,45562,3048914.3005918106
2022-10-01,Bihar,1396,96783,10170766.191671692
2022-10-01,Chandigarh,134,5525,103076.4784696648
2022-10-01,Chhattisgarh,2522,65316,2495818.618490604
2022-10-01,DNH and DD,7,1051,57351.55721487511
2022-10-01,Delhi,4332,69315,1640234.9957807893
2022-10-01,Goa,744,8471,142548.4190400388
2022-10-01,Gujarat,6824,146996,5905158.633845062
2022-10-01,Haryana,1352,60396,2476864.270790969
2022-10-01,Himachal Pradesh,81,8995,670729.881226776
2022-10-01,Jammu & Kashmir,266,13740,1225291.1056758922
2022-10-01,Jharkhand,971,56281,3223020.731523509
2022-10-01,Karnataka,10269,143106,5969153.983037129
2022-10-01,Kerala,4048,60878,3263860.5116186
2022-10-01,Ladakh,0,291,
2022-10-01,Madhya Pradesh,3679,159262,7095862.94011028
2022-10-01,Maharashtra,17173,241431,10979257.053602
2022-10-01,Manipur,4,3128,279039.26304204995
2022-10-01,Meghalaya,6,2746,289884.2764165834
2022-10-01,Mizoram,3,2000,107179.9970438126
2022-10-01,Nagaland,0,1064,193353.88710091627
2022-10-01,Odisha,3738,79009,4100978.300744749
2022-10-01,Puducherry,184,4318,121933.12334610584
2022-10-01,Punjab,710,47817,2710569.4238710054
2022-10-01,Rajasthan,9659,156263,6697333.124301975
2022-10-01,Sikkim,0,711,59696.424971530985
2022-10-01,Tamil Nadu,5714,129932,7048965.584977163
2022-10-01,Tripura,13,3847,358960.17241473787
2022-10-01,Uttar Pradesh,3024,300687,19522196.508038547
2022-10-01,Uttarakhand,847,24695,985430.6747346343
2022-10-01,West Bengal,632,57159,8917922.889855096
2022-11-01,Andaman & Nicobar Islands,7,564,37243.30464419779
2022-11-01,Andhra Pradesh,2837,75967,8267915.87955615
2022-11-01,Arunachal Pradesh,0,2222,135288.01477052423
2022-11-01,Assam,186,40218,3050431.9284168934
2022-11-01,Bihar,1259,117054,10175828.793061277
2022-11-01,Chandigarh,224,4006,103127.78582579704
2022-11-01,Chhattisgarh,2758,46421,2497060.937364915
2022-11-01,DNH and DD,16,1745,57380.10453056194
2022-11-01,Delhi,4352,57638,1641051.43928292
2022-11-01,Goa,613,7082,142619.37395245294
2022-11-01,Gujarat,8696,202040,5908097.986076941
2022-11-01,Haryana,1502,79671,2478097.1549476595
2022-11-01,Himachal Pradesh,136,14316,671063.7437858734
2022-11-01,Jammu & Kashmir,194,8758,1225901.0066742375
2022-11-01,Jharkhand,968,44905,3224625.0225795186
2022-11-01,Karnataka,10415,133313,5972125.189599117
2022-11-01,Kerala,4023,55828,3265485.131086802
2022-11-01,Ladakh,0,267,
2022-11-01,Madhya Pradesh,3480,140860,7099394.977412475
2022-11-01,Maharashtra,14862,240203,10984722.089467408
2022-11-01,Manipur,2,7098,279178.15764784487
2022-11-01,Meghalaya,3,2596,290028.5692370993
2022-11-01,Mizoram,8,1920,107233.34696767712
2022-11-01,Nagaland,0,1171,193450.1309471586
2022-11-01,Odisha,3050,44426,4103019.604030336
2022-11-01,Puducherry,162,3784,121993.81678729354
2022-11-01,Punjab,1042,55748,2711918.6371233054
2022-11-01,Rajasthan,7419,173715,6700666.7893713135
2022-11-01,Sikkim,0,842,59726.13946877913
2022-11-01,Tamil Nadu,7569,140289,7052474.278648132
2022-11-01,Tripura,12,3837,359138.84845874715
2022-11-01,Uttar Pradesh,2757,311055,19531913.878127165
2022-11-01,Uttarakhand,870,30236,985921.1827857714
2022-11-01,West Bengal,1330,110981,8922361.875862986
2022-12-01,Andaman & Nicobar Islands,13,626,37261.83365148346
2022-12-01,Andhra Pradesh,2838,54096,8272029.270541005
2022-12-01,Arunachal Pradesh,1,1790,135355.32224055936
2022-12-01,Assam,254,43178,3051949.556241977
2022-12-01,Bihar,992,65184,10180891.394450858
2022-12-01,Chandigarh,169,3715,103179.0931819293
2022-12-01,Chhattisgarh,1923,30246,2498303.256239226
2022-12-01,DNH and DD,21,1477,57408.6518462488
2022-12-01,Delhi,4617,37265,1641867.8827850511
2022-12-01,Goa,558,6727,142690.3288648671
2022-12-01,Gujarat,8166,134752,5911037.338308821
2022-12-01,Haryana,1062,55794,2479330.03910435
2022-12-01,Himachal Pradesh,107,10777,671397.6063449711
2022-12-01,Jammu & Kashmir,154,9247,1226510.9076725831
2022-12-01,Jharkhand,675,31109,3226229.313635529
2022-12-01,Karnataka,8188,97252,5975096.396161109
2022-12-01,Kerala,4410,57046,3267109.750555005
2022-12-01,Ladakh,0,160,
2022-12-01,Madhya Pradesh,2363,76104,7102927.014714671
2022-12-01,Maharashtra,13963,168956,10990187.125332816
2022-12-01,Manipur,63,5628,279317.05225363985
2022-12-01,Meghalaya,1,2330,290172.86205761536
2022-12-01,Mizoram,11,2237,107286.69689154164
2022-12-01,Nagaland,0,859,193546.37479340105
2022-12-01,Odisha,2421,44833,4105060.907315924
2022-12-01,Puducherry,181,3086,122054.51022848127
2022-12-01,Punjab,636,49077,2713267.8503756057
2022-12-01,Rajasthan,5170,69742,6704000.454440653
2022-12-01,Sikkim,0,562,59755.853966027295
2022-12-01,Tamil Nadu,5397,98049,7055982.972319102
2022-12-01,Tripura,57,3778,359317.52450275654
2022-12-01,Uttar Pradesh,2347,161977,19541631.248215787
2022-12-01,Uttarakhand,605,14508,986411.6908369088
2022-12-01,West Bengal,1112,77065,8926800.86187088
2023-01-01,Andaman & Nicobar Islands,0,526,37357.55425839038
2023-01-01,Andhra Pradesh,2801,60312,8293278.994039152
2023-01-01,Arunachal Pradesh,0,1684,135703.03174176454
2023-01-01,Assam,147,49137,3059789.601541549
2023-01-01,Bihar,1006,70594,10207044.726362675
2023-01-01,Chandigarh,222,4477,103444.1463060416
2023-01-01,Chhattisgarh,1979,39880,2504721.0591353867
2023-01-01,DNH and DD,10,1058,57556.126902034535
2023-01-01,Delhi,3616,53966,1646085.619133485
2023-01-01,Goa,706,6345,143056.88100522722
2023-01-01,Gujarat,6085,96756,5926221.9931157855
2023-01-01,Haryana,847,55154,2485699.102373897
2023-01-01,Himachal Pradesh,83,8613,673122.3359156168
2023-01-01,Jammu & Kashmir,119,8179,1229661.6481744722
2023-01-01,Jharkhand,696,32283,3234517.0600414234
2023-01-01,Karnataka,10556,120909,5990445.610016695
2023-01-01,Kerala,5011,60377,3275502.513269788
2023-01-01,Ladakh,1,112,
2023-01-01,Madhya Pradesh,2512,98257,7121173.472766715
2023-01-01,Maharashtra,14629,192628,11018419.428431394
2023-01-01,Manipur,10,4050,280034.5799526587
2023-01-01,Meghalaya,5,2643,290918.27686258336
2023-01-01,Mizoram,10,2075,107562.3018935807
2023-01-01,Nagaland,0,977,194043.56923190173
2023-01-01,Odisha,2584,54251,4115606.253127764
2023-01-01,Puducherry,200,5399,122368.05174401886
2023-01-01,Punjab,590,44725,2720237.8682166
2023-01-01,Rajasthan,4779,80983,6721222.124157859
2023-01-01,Sikkim,0,890,59909.358666342574
2023-01-01,Tamil Nadu,5707,160199,7074108.837480554
2023-01-01,Tripura,8,3165,360240.56258615816
2023-01-01,Uttar Pradesh,1978,213160,19591831.053746723
2023-01-01,Uttarakhand,463,17902,988945.6489504604
2023-01-01,West Bengal,756,61572,8949732.604957586
2023-02-01,Andaman & Nicobar Islands,0,494,37376.23303551957
2023-02-01,Andhra Pradesh,3023,58438,8297425.633536171
2023-02-01,Arunachal Pradesh,0,1656,135770.8832576354
2023-02-01,Assam,203,43824,3061319.49634232
2023-02-01,Bihar,957,84043,10212148.248725858
2023-02-01,Chandigarh,275,3016,103495.86837919464
2023-02-01,Chhattisgarh,1947,35000,2505973.4196649543
2023-02-01,DNH and DD,19,1188,57584.90496548555
2023-02-01,Delhi,3310,44219,1646908.6619430515
2023-02-01,Goa,711,5679,143128.40944572983
2023-02-01,Gujarat,7028,114280,5929185.104112344
2023-02-01,Haryana,877,50935,2486941.951925084
2023-02-01,Himachal Pradesh,86,8736,673458.8970835747
2023-02-01,Jammu & Kashmir,155,9317,1230276.4789985593
2023-02-01,Jharkhand,685,35867,3236134.318571444
2023-02-01,Karnataka,10882,110160,5993440.832821703
2023-02-01,Kerala,6220,54588,3277140.2645264226
2023-02-01,Ladakh,0,54,
2023-02-01,Madhya Pradesh,2502,92445,7124734.059503097
2023-02-01,Maharashtra,13082,160235,11023928.638145609
2023-02-01,Manipur,19,3746,280174.597242635
2023-02-01,Meghalaya,2,2194,291063.73600101465
2023-02-01,Mizoram,9,1992,107616.08304452748
2023-02-01,Nagaland,0,1181,194140.5910165177
2023-02-01,Odisha,2612,54772,4117664.056254328
2023-02-01,Puducherry,180,4057,122429.23576989086
2023-02-01,Punjab,627,46320,2721597.9871507077
2023-02-01,Rajasthan,4955,78026,6724582.735219938
2023-02-01,Sikkim,0,688,59939.31334567574
2023-02-01,Tamil Nadu,7008,137113,7077645.891899294
2023-02-01,Tripura,20,3188,360420.6828674512
2023-02-01,Uttar Pradesh,2028,223276,19601626.969273597
2023-02-01,Uttarakhand,449,15064,989440.1217749356
2023-02-01,West Bengal,956,75242,8954207.471260063
2023-03-01,Andaman & Nicobar Islands,2,535,37394.91181264876
2023-03-01,Andhra Pradesh,3688,62062,8301572.27303319
2023-03-01,Arunachal Pradesh,0,2179,135838.73477350626
2023-03-01,Assam,241,49899,3062849.39114309
2023-03-01,Bihar,1349,98656,10217251.77108904
2023-03-01,Chandigarh,493,3252,103547.59045234763
2023-03-01,Chhattisgarh,2283,38481,2507225.780194522
2023-03-01,DNH and DD,7,1387,57613.68302893656
2023-03-01,Delhi,5326,49034,1647731.7047526182
2023-03-01,Goa,949,7503,143199.93788623245
2023-03-01,Gujarat,8288,118499,5932148.215108901
2023-03-01,Haryana,1191,54718,2488184.801476271
2023-03-01,Himachal Pradesh,98,8117,673795.4582515324
2023-03-01,Jammu & Kashmir,215,13177,1230891.3098226464
2023-03-01,Jharkhand,849,43671,3237751.5771014644
2023-03-01,Karnataka,14118,133122,5996436.055626711
2023-03-01,Kerala,7880,75432,3278778.015783057
2023-03-01,Ladakh,0,89,
2023-03-01,Madhya Pradesh,3372,115398,7128294.646239481
2023-03-01,Maharashtra,18466,197486,11029437.847859824
2023-03-01,Manipur,3,4305,280314.61453261133
2023-03-01,Meghalaya,1,3276,291209.19513944595
2023-03-01,Mizoram,10,2048,107669.86419547428
2023-03-01,Nagaland,0,1513,194237.61280113363
2023-03-01,Odisha,3343,59000,4119721.859380891
2023-03-01,Puducherry,265,4607,122490.41979576286
2023-03-01,Punjab,818,49236,2722958.106084816
2023-03-01,Rajasthan,6800,103694,6727943.3462820165
2023-03-01,Sikkim,0,959,59969.26802500891
2023-03-01,Tamil Nadu,8959,141507,7081182.946318034
2023-03-01,Tripura,32,3345,360600.8031487443
2023-03-01,Uttar Pradesh,3990,240501,19611422.884800468
2023-03-01,Uttarakhand,635,17673,989934.5945994108
2023-03-01,West Bengal,1455,82645,8958682.337562542
2023-04-01,Andaman & Nicobar Islands,1,447,37413.59058977797
2023-04-01,Andhra Pradesh,3740,55275,8305718.912530211
2023-04-01,Arunachal Pradesh,1,1863,135906.58628937718
2023-04-01,Assam,198,42069,3064379.2859438616
2023-04-01,Bihar,1011,90159,10222355.293452224
2023-04-01,Chandigarh,188,4567,103599.31252550067
2023-04-01,Chhattisgarh,1652,33171,2508478.14072409
2023-04-01,DNH and DD,6,1073,57642.4610923876
2023-04-01,Delhi,3289,43451,1648554.7475621854
2023-04-01,Goa,755,5242,143271.4663267351
2023-04-01,Gujarat,8803,118233,5935111.3261054605
2023-04-01,Haryana,1165,56082,2489427.651027458
2023-04-01,Himachal Pradesh,105,8727,674132.0194194904
2023-04-01,Jammu & Kashmir,216,10027,1231506.1406467338
2023-04-01,Jharkhand,721,40634,3239368.8356314856
2023-04-01,Karnataka,10473,113859,5999431.278431721
2023-04-01,Kerala,5296,42074,3280415.767039693
2023-04-01,Ladakh,0,262,
2023-04-01,Madhya Pradesh,2053,75771,7131855.232975866
2023-04-01,Maharashtra,13399,166313,11034947.05757404
2023-04-01,Manipur,15,4367,280454.6318225877
2023-04-01,Meghalaya,5,2595,291354.6542778773
2023-04-01,Mizoram,8,1901,107723.6453464211
2023-04-01,Nagaland,1,1247,194334.6345857496
2023-04-01,Odisha,2932,49271,4121779.662507456
2023-04-01,Puducherry,162,3811,122551.60382163488
2023-04-01,Punjab,398,38003,2724318.225018924
2023-04-01,Rajasthan,4205,82376,6731303.957344096
2023-04-01,Sikkim,0,904,59999.22270434209
2023-04-01,Tamil Nadu,6908,113460,7084720.000736776
2023-04-01,Tripura,20,2749,360780.9234300374
2023-04-01,Uttar Pradesh,3451,227711,19621218.800327346
2023-04-01,Uttarakhand,571,17467,990429.0674238862
2023-04-01,West Bengal,1070,62193,8963157.203865021
2023-05-01,Andaman & Nicobar Islands,0,586,37432.26936690716
2023-05-01,Andhra Pradesh,4586,62640,8309865.55202723
2023-05-01,Arunachal Pradesh,1,2325,135974.43780524805
2023-05-01,Assam,312,42933,3065909.180744632
2023-05-01,Bihar,1582,132330,10227458.815815404
2023-05-01,Chandigarh,292,4912,103651.0345986537
2023-05-01,Chhattisgarh,2699,33017,2509730.501253657
2023-05-01,DNH and DD,8,1245,57671.23915583861
2023-05-01,Delhi,5764,48891,1649377.790371752
2023-05-01,Goa,948,5811,143342.99476723766
2023-05-01,Gujarat,10319,112939,5938074.437102018
2023-05-01,Haryana,1264,55617,2490670.500578645
2023-05-01,Himachal Pradesh,139,8843,674468.5805874481
2023-05-01,Jammu & Kashmir,272,14179,1232120.9714708212
2023-05-01,Jharkhand,876,46551,3240986.0941615063
2023-05-01,Karnataka,18291,119675,6002426.501236728
2023-05-01,Kerala,8340,56166,3282053.5182963274
2023-05-01,Ladakh,14,525,
2023-05-01,Madhya Pradesh,4076,109555,7135415.819712248
2023-05-01,Maharashtra,21722,161859,11040456.267288256
2023-05-01,Manipur,14,691,280594.649112564
2023-05-01,Meghalaya,9,3033,291500.11341630854
2023-05-01,Mizoram,14,2008,107777.42649736788
2023-05-01,Nagaland,0,1406,194431.6563703656
2023-05-01,Odisha,3832,50514,4123837.46563402
2023-05-01,Puducherry,388,4679,122612.78784750689
2023-05-01,Punjab,1244,43480,2725678.3439530325
2023-05-01,Rajasthan,7316,95730,6734664.568406175
2023-05-01,Sikkim,0,955,60029.177383675255
2023-05-01,Tamil Nadu,10859,130114,7088257.055155516
2023-05-01,Tripura,67,3741,360961.0437113305
2023-05-01,Uttar Pradesh,5176,334594,19631014.715854213
2023-05-01,Uttarakhand,743,19454,990923.5402483612
2023-05-01,West Bengal,1830,86166,8967632.0701675
2023-06-01,Andaman & Nicobar Islands,1,509,37450.94814403635
2023-06-01,Andhra Pradesh,1160,52229,8314012.191524249
2023-06-01,Arunachal Pradesh,0,2230,136042.28932111894
2023-06-01,Assam,205,38606,3067439.0755454027
2023-06-01,Bihar,572,97078,10232562.338178584
2023-06-01,Chandigarh,212,5235,103702.75667180672
2023-06-01,Chhattisgarh,1359,34028,2510982.861783225
2023-06-01,DNH and DD,6,1135,57700.01721928962
2023-06-01,Delhi,2722,44002,1650200.8331813186
2023-06-01,Goa,606,5184,143414.52320774028
2023-06-01,Gujarat,4717,105727,5941037.548098575
2023-06-01,Haryana,671,54452,2491913.350129832
2023-06-01,Himachal Pradesh,78,8845,674805.1417554059
2023-06-01,Jammu & Kashmir,184,12352,1232735.8022949083
2023-06-01,Jharkhand,438,40735,3242603.3526915265
2023-06-01,Karnataka,8872,126428,6005421.724041737
2023-06-01,Kerala,4905,52414,3283691.269552962
2023-06-01,Ladakh,2,512,
2023-06-01,Madhya Pradesh,1778,89463,7138976.406448631
2023-06-01,Maharashtra,9811,155878,11045965.477002472
2023-06-01,Manipur,4,490,280734.6664025403
2023-06-01,Meghalaya,3,2919,291645.57255473983
2023-06-01,Mizoram,4,2178,107831.20764831468
2023-06-01,Nagaland,0,1270,194528.6781549815
2023-06-01,Odisha,2220,49075,4125895.268760584
2023-06-01,Puducherry,148,4501,122673.97187337888
2023-06-01,Punjab,610,40761,2727038.4628871405
2023-06-01,Rajasthan,3641,84769,6738025.179468253
2023-06-01,Sikkim,0,974,60059.13206300843
2023-06-01,Tamil Nadu,5292,144427,7091794.109574256
2023-06-01,Tripura,10,3084,361141.1639926235
2023-06-01,Uttar Pradesh,2325,249811,19640810.631381087
2023-06-01,Uttarakhand,366,17767,991418.0130728364
2023-06-01,West Bengal,709,73325,8972106.93646998
2023-07-01,Andaman & Nicobar Islands,3,587,37469.626921165545
2023-07-01,Andhra Pradesh,1518,57697,8318158.831021268
2023-07-01,Arunachal Pradesh,2,2384,136110.14083698983
2023-07-01,Assam,191,39455,3068968.9703461733
2023-07-01,Bihar,672,74772,10237665.860541765
2023-07-01,Chandigarh,205,4139,103754.47874495972
2023-07-01,Chhattisgarh,1678,32099,2512235.222312793
2023-07-01,DNH and DD,9,1247,57728.79528274063
2023-07-01,Delhi,2899,46554,1651023.8759908853
2023-07-01,Goa,601,4616,143486.0516482429
2023-07-01,Gujarat,5992,126149,5944000.659095133
2023-07-01,Haryana,244,27438,2493156.1996810185
2023-07-01,Himachal Pradesh,52,9406,675141.7029233637
2023-07-01,Jammu & Kashmir,127,13039,1233350.6331189952
2023-07-01,Jharkhand,478,36380,3244220.6112215472
2023-07-01,Karnataka,10853,118190,6008416.946846745
2023-07-01,Kerala,4808,48950,3285329.020809597
2023-07-01,Ladakh,1,418,
2023-07-01,Madhya Pradesh,2109,80748,7142536.993185014
2023-07-01,Maharashtra,10925,163025,11051474.686716689
2023-07-01,Manipur,12,1572,280874.6836925166
2023-07-01,Meghalaya,23,3060,291791.0316931711
2023-07-01,Mizoram,6,2160,107884.98879926144
2023-07-01,Nagaland,2,1338,194625.69993959743
2023-07-01,Odisha,2939,44139,4127953.071887146
2023-07-01,Puducherry,196,4718,122735.1558992509
2023-07-01,Punjab,537,44354,2728398.5818212484
2023-07-01,Rajasthan,4168,90575,6741385.790530332
2023-07-01,Sikkim,0,794,60089.08674234159
2023-07-01,Tamil Nadu,6469,139875,7095331.163992995
2023-07-01,Tripura,8,3520,361321.2842739166
2023-07-01,Uttar Pradesh,2746,188184,19650606.54690796
2023-07-01,Uttarakhand,461,17432,991912.4858973116
2023-07-01,West Bengal,688,75478,8976581.802772457
2023-08-01,Andaman & Nicobar Islands,3,660,37488.305698294746
2023-08-01,Andhra Pradesh,1672,63796,8322305.470518289
2023-08-01,Arunachal Pradesh,4,2413,136177.99235286072
2023-08-01,Assam,174,39198,3070498.8651469448
2023-08-01,Bihar,766,63680,10242769.382904949
2023-08-01,Chandigarh,205,3726,103806.20081811276
2023-08-01,Chhattisgarh,2195,32558,2513487.5828423607
2023-08-01,DNH and DD,7,963,57757.57334619166
2023-08-01,Delhi,2556,48972,1651846.9188004525
2023-08-01,Goa,787,6275,143557.58008874554
2023-08-01,Gujarat,6267,112706,5946963.770091692
2023-08-01,Haryana,588,62516,2494399.049232206
2023-08-01,Himachal Pradesh,75,9320,675478.2640913215
2023-08-01,Jammu & Kashmir,113,13493,1233965.4639430828
2023-08-01,Jharkhand,507,31949,3245837.8697515684
2023-08-01,Karnataka,10916,129780,6011412.169651753
2023-08-01,Kerala,5534,67737,3286966.7720662323
2023-08-01,Ladakh,0,341,
2023-08-01,Madhya Pradesh,4019,85442,7146097.579921399
2023-08-01,Maharashtra,13113,173547,11056983.896430906
2023-08-01,Manipur,14,1304,281014.700982493
2023-08-01,Meghalaya,18,3275,291936.4908316024
2023-08-01,Mizoram,4,2318,107938.76995020824
2023-08-01,Nagaland,0,1352,194722.7217242134
2023-08-01,Odisha,2883,42315,4130010.875013712
2023-08-01,Puducherry,211,5096,122796.33992512294
2023-08-01,Punjab,717,46277,2729758.7007553577
2023-08-01,Rajasthan,4709,90957,6744746.401592412
2023-08-01,Sikkim,0,925,60119.04142167478
2023-08-01,Tamil Nadu,6837,152534,7098868.218411736
2023-08-01,Tripura,35,3620,361501.40455520974
2023-08-01,Uttar Pradesh,3192,176813,19660402.46243484
2023-08-01,Uttarakhand,414,17073,992406.958721787
2023-08-01,West Bengal,689,73255,8981056.669074938
2023-09-01,Andaman & Nicobar Islands,1,527,37506.984475423946
2023-09-01,Andhra Pradesh,1447,60058,8326452.1100153085
2023-09-01,Arunachal Pradesh,4,2277,136245.84386873158
2023-09-01,Assam,280,41014,3072028.759947716
2023-09-01,Bihar,960,70312,10247872.905268127
2023-09-01,Chandigarh,188,3359,103857.9228912658
2023-09-01,Chhattisgarh,2261,34718,2514739.9433719283
2023-09-01,DNH and DD,18,1200,57786.35140964268
2023-09-01,Delhi,2382,47244,1652669.9616100187
2023-09-01,Goa,629,8340,143629.10852924813
2023-09-01,Gujarat,7842,166669,5949926.881088249
2023-09-01,Haryana,413,68504,2495641.8987833927
2023-09-01,Himachal Pradesh,77,9086,675814.8252592793
2023-09-01,Jammu & Kashmir,122,12802,1234580.29476717
2023-09-01,Jharkhand,546,35809,3247455.128281589
2023-09-01,Karnataka,11532,131165,6014407.392456762
2023-09-01,Kerala,5234,70434,3288604.523322867
2023-09-01,Ladakh,0,251,
2023-09-01,Madhya Pradesh,3400,85812,7149658.166657781
2023-09-01,Maharashtra,13313,177619,11062493.10614512
2023-09-01,Manipur,0,665,281154.7182724693
2023-09-01,Meghalaya,14,3130,292081.9499700337
2023-09-01,Mizoram,6,1976,107992.55110115504
2023-09-01,Nagaland,1,1185,194819.74350882936
2023-09-01,Odisha,3150,51984,4132068.678140275
2023-09-01,Puducherry,146,4262,122857.52395099496
2023-09-01,Punjab,759,48200,2731118.819689465
2023-09-01,Rajasthan,4711,97412,6748107.012654491
2023-09-01,Sikkim,0,1055,60148.99610100794
2023-09-01,Tamil Nadu,5721,138532,7102405.272830476
2023-09-01,Tripura,20,3627,361681.5248365028
2023-09-01,Uttar Pradesh,3617,172154,19670198.37796171
2023-09-01,Uttarakhand,292,16876,992901.4315462622
2023-09-01,West Bengal,707,67372,8985531.535377415
2023-10-01,Andaman & Nicobar Islands,2,595,37525.66325255314
2023-10-01,Andhra Pradesh,1825,73897,8330598.749512327
2023-10-01,Arunachal Pradesh,2,2392,136313.69538460247
2023-10-01,Assam,269,60853,3073558.654748486
2023-10-01,Bihar,877,71156,10252976.427631311
2023-10-01,Chandigarh,228,3686,103909.6449644188
2023-10-01,Chhattisgarh,2274,43520,2515992.303901496
2023-10-01,DNH and DD,16,1729,57815.12947309369
2023-10-01,Delhi,3130,52320,1653493.0044195857
2023-10-01,Goa,654,7471,143700.63696975075
2023-10-01,Gujarat,9087,191779,5952889.992084807
2023-10-01,Haryana,811,57639,2496884.74833458
2023-10-01,Himachal Pradesh,60,7546,676151.3864272371
2023-10-01,Jammu & Kashmir,147,11339,1235195.1255912574
2023-10-01,Jharkhand,532,38469,3249072.3868116094
2023-10-01,Karnataka,12291,134364,6017402.61526177
2023-10-01,Kerala,5693,51363,3290242.2745795017
2023-10-01,Ladakh,0,220,
2023-10-01,Madhya Pradesh,3374,112682,7153218.753394165
2023-10-01,Maharashtra,17120,214191,11068002.315859336
2023-10-01,Manipur,8,1307,281294.73556244565
2023-10-01,Meghalaya,2,3130,292227.40910846496
2023-10-01,Mizoram,36,2411,108046.3322521018
2023-10-01,Nagaland,0,1214,194916.7652934453
2023-10-01,Odisha,4102,80096,4134126.481266839
2023-10-01,Puducherry,204,4755,122918.70797686694
2023-10-01,Punjab,854,45424,2732478.9386235736
2023-10-01,Rajasthan,5370,122598,6751467.623716569
2023-10-01,Sikkim,0,787,60178.95078034111
2023-10-01,Tamil Nadu,7063,160000,7105942.327249217
2023-10-01,Tripura,9,4782,361861.6451177959
2023-10-01,Uttar Pradesh,4287,196767,19679994.29348858
2023-10-01,Uttarakhand,417,18452,993395.9043707371
2023-10-01,West Bengal,1089,75461,8990006.401679894
2023-11-01,Andaman & Nicobar Islands,4,768,37544.34202968232
2023-11-01,Andhra Pradesh,2095,87466,8334745.389009346
2023-11-01,Arunachal Pradesh,3,2684,136381.54690047336
2023-11-01,Assam,270,49286,3075088.5495492565
2023-11-01,Bihar,1815,158903,10258079.94999449
2023-11-01,Chandigarh,329,4235,103961.36703757182
2023-11-01,Chhattisgarh,3979,82153,2517244.6644310635
2023-11-01,DNH and DD,18,1775,57843.90753654471
2023-11-01,Delhi,4514,75411,1654316.0472291524
2023-11-01,Goa,1074,8738,143772.16541025334
2023-11-01,Gujarat,6016,185157,5955853.103081364
2023-11-01,Haryana,780,64366,2498127.597885766
2023-11-01,Himachal Pradesh,68,10373,676487.9475951949
2023-11-01,Jammu & Kashmir,190,13724,1235809.9564153445
2023-11-01,Jharkhand,865,70380,3250689.64534163
2023-11-01,Karnataka,15122,162767,6020397.838066778
2023-11-01,Kerala,5993,49373,3291880.0258361367
2023-11-01,Ladakh,0,205,
2023-11-01,Madhya Pradesh,4998,221698,7156779.340130548
2023-11-01,Maharashtra,20323,278899,11073511.52557355
2023-11-01,Manipur,12,1058,281434.7528524219
2023-11-01,Meghalaya,8,3280,292372.86824689625
2023-11-01,Mizoram,35,2508,108100.1134030486
2023-11-01,Nagaland,2,1494,195013.78707806123
2023-11-01,Odisha,4522,70528,4136184.284393402
2023-11-01,Puducherry,205,4671,122979.89200273894
2023-11-01,Punjab,1312,61686,2733839.0575576816
2023-11-01,Rajasthan,8282,216108,6754828.234778648
2023-11-01,Sikkim,0,873,60208.905459674286
2023-11-01,Tamil Nadu,7695,140941,7109479.381667957
2023-11-01,Tripura,13,5550,362041.7653990889
2023-11-01,Uttar Pradesh,5773,430675,19689790.20901545
2023-11-01,Uttarakhand,673,29920,993890.3771952124
2023-11-01,West Bengal,1297,106983,8994481.267982373
2023-12-01,Andaman & Nicobar Islands,9,605,37563.02080681152
2023-12-01,Andhra Pradesh,2502,68023,8338892.028506367
2023-12-01,Arunachal Pradesh,4,2514,136449.39841634422
2023-12-01,Assam,234,46601,3076618.444350028
2023-12-01,Bihar,1413,95852,10263183.472357674
2023-12-01,Chandigarh,267,2658,104013.08911072485
2023-12-01,Chhattisgarh,1958,35348,2518497.0249606315
2023-12-01,DNH and DD,18,1935,57872.68559999573
2023-12-01,Delhi,6191,43664,1655139.0900387191
2023-12-01,Goa,870,6158,143843.69385075598
2023-12-01,Gujarat,4628,111871,5958816.214077923
2023-12-01,Haryana,1237,84272,2499370.447436954
2023-12-01,Himachal Pradesh,118,15698,676824.5087631529
2023-12-01,Jammu & Kashmir,111,8192,1236424.787239432
2023-12-01,Jharkhand,659,37048,3252306.9038716517
2023-12-01,Karnataka,11392,114855,6023393.060871787
2023-12-01,Kerala,5602,49523,3293517.777092772
2023-12-01,Ladakh,0,151,
2023-12-01,Madhya Pradesh,3493,97753,7160339.926866932
2023-12-01,Maharashtra,15620,206337,11079020.735287769
2023-12-01,Manipur,8,1182,281574.7701423983
2023-12-01,Meghalaya,2,2578,292518.3273853276
2023-12-01,Mizoram,24,2542,108153.8945539954
2023-12-01,Nagaland,0,983,195110.8088626772
2023-12-01,Odisha,4569,55682,4138242.087519967
2023-12-01,Puducherry,236,3696,123041.07602861096
2023-12-01,Punjab,1067,59155,2735199.1764917905
2023-12-01,Rajasthan,5024,112561,6758188.845840728
2023-12-01,Sikkim,0,683,60238.86013900746
2023-12-01,Tamil Nadu,5923,101982,7113016.4360866975
2023-12-01,Tripura,44,4152,362221.885680382
2023-12-01,Uttar Pradesh,5985,240980,19699586.12454233
2023-12-01,Uttarakhand,692,24767,994384.850019688
2023-12-01,West Bengal,2785,98527,8998956.134284854
2024-01-01,Andaman & Nicobar,2,660,
2024-01-01,Andhra Pradesh,2257,62102,8369278.910455433
2024-01-01,Arunachal Pradesh,5,2169,136946.6193597891
2024-01-01,Assam,274,51628,3087829.6269809096
2024-01-01,Bihar,1346,78380,10300582.462958587
2024-01-01,Chandigarh,219,3074,104392.11230099532
2024-01-01,Chhattisgarh,2458,47827,2527674.415856801
2024-01-01,DNH and DD,34,1393,58083.57338453483
2024-01-01,Delhi,4418,59933,1661170.4088237998
2024-01-01,Goa,918,7410,144367.85957076034
2024-01-01,Gujarat,5918,125312,5980530.111348015
2024-01-01,Haryana,1541,71600,2508478.141177756
2024-01-01,Himachal Pradesh,92,10846,679290.8539775666
2024-01-01,Jammu & Kashmir,229,9846,1240930.3131438694
2024-01-01,Jharkhand,580,35290,3264158.294393585
2024-01-01,Karnataka,13495,146690,6045342.275857165
2024-01-01,Kerala,7191,42673,3305519.339836066
2024-01-01,Ladakh,14,178,
2024-01-01,Madhya Pradesh,3856,111426,7186432.170696099
2024-01-01,Maharashtra,17656,222986,11119392.632902412
2024-01-01,Manipur,14,1989,282600.8272337845
2024-01-01,Meghalaya,27,3054,293584.2627460219
2024-01-01,Mizoram,29,2385,108548.0068191392
2024-01-01,Nagaland,0,1382,195821.7917001609
2024-01-01,Odisha,4033,60985,4153321.821537419
2024-01-01,Puducherry,320,6391,123489.43711056124
2024-01-01,Punjab,926,48511,2745166.228972997
2024-01-01,Rajasthan,4930,100609,6782815.653088744
2024-01-01,Sikkim,0,931,60458.37025204562
2024-01-01,Tamil Nadu,8206,182208,7138936.233345885
2024-01-01,Tripura,5,3466,363541.8204681107
2024-01-01,Uttar Pradesh,6067,226001,19771371.320461117
2024-01-01,Uttarakhand,431,17067,998008.383571411
2024-01-01,West Bengal,1820,82613,9031748.286621468
2024-02-01,Andaman & Nicobar Islands,6,654,37718.75022186971
2024-02-01,Andhra Pradesh,2958,62725,8373463.54991066
2024-02-01,Arunachal Pradesh,4,2301,137015.09266946898
2024-02-01,Assam,270,45906,3089373.5417944
2024-02-01,Bihar,1372,90160,10305732.754190063
2024-02-01,Chandigarh,210,2737,104444.3083571458
2024-02-01,Chhattisgarh,2297,44235,2528938.2530647297
2024-02-01,DNH and DD,29,1496,58112.615171227095
2024-02-01,Delhi,2960,48402,1662000.9940282116
2024-02-01,Goa,1089,6531,144440.0435005457
2024-02-01,Gujarat,5613,114199,5983520.376403688
2024-02-01,Haryana,1387,64121,2509732.380248344
2024-02-01,Himachal Pradesh,77,9510,679630.4994045554
2024-02-01,Jammu & Kashmir,257,9266,1241550.778300441
2024-02-01,Jharkhand,752,39134,3265790.373540782
2024-02-01,Karnataka,13528,133664,6048364.9469950935
2024-02-01,Kerala,6073,50637,3307172.099505984
2024-02-01,Ladakh,0,51,
2024-02-01,Madhya Pradesh,4152,105684,7190025.386781447
2024-02-01,Maharashtra,16420,183951,11124952.329218864
2024-02-01,Manipur,10,2033,282742.12764740136
2024-02-01,Meghalaya,15,3151,293731.0548773949
2024-02-01,Mizoram,51,2640,108602.28082254875
2024-02-01,Nagaland,1,1585,195919.70259601096
2024-02-01,Odisha,3936,63560,4155398.482448188
2024-02-01,Puducherry,400,5733,123551.18182911653
2024-02-01,Punjab,1128,48410,2746538.812087484
2024-02-01,Rajasthan,5662,100301,6786207.0609152885
2024-02-01,Sikkim,0,783,60488.59943717164
2024-02-01,Tamil Nadu,9242,166701,7142505.701462557
2024-02-01,Tripura,29,3872,363723.5913783447
2024-02-01,Uttar Pradesh,6951,244016,19781257.006121345
2024-02-01,Uttarakhand,646,19518,998507.3877631968
2024-02-01,West Bengal,1526,82576,9036264.160764778
2024-03-01,Andaman & Nicobar Islands,3,605,37737.60017200557
2024-03-01,Andhra Pradesh,7423,76957,8377648.189365887
2024-03-01,Arunachal Pradesh,1,2340,137083.56597914887
2024-03-01,Assam,820,50077,3090917.4566078903
2024-03-01,Bihar,2683,109921,10310883.045421544
2024-03-01,Chandigarh,334,2819,104496.50441329632
2024-03-01,Chhattisgarh,3730,50394,2530202.090272658
2024-03-01,DNH and DD,29,1209,58141.65695791936
2024-03-01,Delhi,5899,47504,1662831.5792326236
2024-03-01,Goa,1868,6748,144512.22743033108
2024-03-01,Gujarat,9157,120246,5986510.641459363
2024-03-01,Haryana,1692,65422,2510986.6193189323
2024-03-01,Himachal Pradesh,107,8884,679970.1448315441
2024-03-01,Jammu & Kashmir,315,11100,1242171.243457013
2024-03-01,Jharkhand,876,42632,3267422.4526879787
2024-03-01,Karnataka,24224,150551,6051387.6181330215
2024-03-01,Kerala,9269,56770,3308824.859175902
2024-03-01,Ladakh,0,92,
2024-03-01,Madhya Pradesh,5915,110148,7193618.602866794
2024-03-01,Maharashtra,27747,189389,11130512.025535312
2024-03-01,Manipur,15,1764,282883.42806101823
2024-03-01,Meghalaya,7,3423,293877.8470087679
2024-03-01,Mizoram,58,2395,108656.55482595832
2024-03-01,Nagaland,2,2516,196017.61349186103
2024-03-01,Puducherry,482,5379,123612.9265476718
2024-03-01,Punjab,1646,50225,2747911.3952019704
2024-03-01,Rajasthan,8426,106480,6789598.468741831
2024-03-01,Sikkim,0,854,60518.82862229765
2024-03-01,Tamil Nadu,14099,146166,7146075.169579229
2024-03-01,Tripura,44,4284,363905.3622885788
2024-03-01,Uttar Pradesh,8188,244641,19791142.691781573
2024-03-01,Uttarakhand,630,17318,999006.3919549824
2024-03-01,West Bengal,2654,77960,9040780.034908088
