Date,State,electric_vehicles_sold,total_vehicles_sold,Population,EV_Stations,Petroleum_Consumption
2021-04-01,andaman & nicobar islands,9,683,36861.95652395882,2.0,171.4611967740842
2021-04-01,andhra pradesh,462,71281,8183257.597776803,221.0,7266.291119527662
2021-04-01,arunachal pradesh,0,1980,133902.75020776642,8.0,275.8059754483148
2021-04-01,assam,7,36920,3019197.4154505488,47.0,2710.027324672215
2021-04-01,bihar,51,86787,10071634.677657714,82.0,5518.296652711083
2021-04-01,chandigarh,8,2626,102071.82187080462,5.0,312.04623089409284
2021-04-01,chhattisgarh,36,11837,2471492.5968622784,45.0,3420.814793838902
2021-04-01,dnh and dd,1,935,56792.568187831566,0.0,541.6330726085775
2021-04-01,delhi,333,22309,1624248.1000635717,538.0,2911.2771840411974
2021-04-01,goa,44,4816,141159.04086208902,43.0,555.5835004417188
2021-04-01,gujarat,142,66391,5847602.761963441,169.0,21940.063143291798
2021-04-01,haryana,104,46554,2452722.991703097,229.0,9852.99887282331
2021-04-01,himachal pradesh,10,7904,664192.471225662,26.0,1527.8381833780354
2021-04-01,jammu & kashmir,22,11981,1213348.5479447967,23.0,1300.818671588186
2021-04-01,jharkhand,83,30394,3191606.881397254,59.0,3139.303578614005
2021-04-01,karnataka,1639,76843,5910974.367011191,697.0,11121.366307076318
2021-04-01,kerala,511,81284,3232048.6079773447,191.0,5461.284323893905
2021-04-01,ladakh,0,22,,,140.61458133440019
2021-04-01,madhya pradesh,128,34847,7026701.618019834,173.0,7283.316347103229
2021-04-01,maharashtra,524,62344,10872245.41318464,659.0,17849.385676165803
2021-04-01,manipur,2,3856,276319.5481166048,15.0,236.65076148130473
2021-04-01,meghalaya,1,2119,287058.8582850021,18.0,409.2973697474688
2021-04-01,mizoram,0,1788,106135.34463722524,,130.41384162354643
2021-04-01,nagaland,0,1308,191469.3227320591,5.0,162.5432524057053
2021-04-01,odisha,196,42054,4061007.25232716,116.0,5926.673449152094
2021-04-01,puducherry,18,3236,120744.6764879281,3.0,412.81659797366376
2021-04-01,punjab,13,33303,2684150.2883049594,125.0,5964.004849916525
2021-04-01,rajasthan,347,59475,6632056.156966744,253.0,9179.391579389905
2021-04-01,sikkim,0,759,59114.58119721481,0.0,108.14884443893374
2021-04-01,tamil nadu,1372,126484,6980261.357832171,438.0,12194.965682473376
2021-04-01,tripura,0,3195,355461.49151974986,17.0,229.79967205442222
2021-04-01,uttar pradesh,175,160896,19331919.309620105,405.0,18090.219551098155
2021-04-01,uttarakhand,44,10335,975825.9671933034,47.0,1533.6102659364517
2021-04-01,west bengal,33,73525,8831002.476852667,188.0,8490.737521972482
2021-05-01,andaman & nicobar islands,0,5,36880.359897161,2.0,173.12753906492782
2021-05-01,andhra pradesh,217,47201,8187343.098324869,221.0,7292.315048043213
2021-05-01,arunachal pradesh,0,854,133969.6013062226,8.0,278.19866053123746
2021-05-01,assam,0,18018,3020704.753151722,47.0,2729.3975677952308
2021-05-01,bihar,8,57525,10076662.952584151,82.0,5504.166602170586
2021-05-01,chandigarh,1,824,102122.7813425324,5.0,317.2710060092865
2021-05-01,chhattisgarh,6,6667,2472726.4923175266,45.0,3436.938748942529
2021-05-01,dnh and dd,0,654,56820.92194129529,0.0,539.8567685614902
2021-05-01,delhi,0,43,1625059.0077520704,538.0,2956.163276127767
2021-05-01,goa,31,772,141229.5146718055,43.0,566.9069534109435
2021-05-01,gujarat,135,49378,5850522.184211051,169.0,22147.39425362036
2021-05-01,haryana,18,11688,2453947.516411885,229.0,9916.027708179767
2021-05-01,himachal pradesh,5,3224,664524.0700630188,26.0,1563.859155225398
2021-05-01,jammu & kashmir,50,4288,1213954.313570331,23.0,1318.922895384963
2021-05-01,jharkhand,40,23970,3193200.294717971,59.0,3148.9833913645743
2021-05-01,karnataka,142,5588,5913925.427603808,697.0,11244.815687479204
2021-05-01,kerala,143,11839,3233662.2118754857,191.0,5501.320303632507
2021-05-01,ladakh,0,81,,,142.27518765901897
2021-05-01,madhya pradesh,1,6497,7030209.70669583,173.0,7306.099362773542
2021-05-01,maharashtra,310,30155,10877673.39392013,659.0,17958.578864257823
2021-05-01,manipur,0,297,276457.50096139585,15.0,238.22806709233774
2021-05-01,meghalaya,1,420,287202.1727424584,18.0,415.05538938855585
2021-05-01,mizoram,0,19,106188.3328272588,,131.83001540367673
2021-05-01,nagaland,0,251,191564.91400651343,5.0,165.10794288126058
2021-05-01,odisha,28,6622,4063034.7147596735,116.0,5947.379810727196
2021-05-01,puducherry,5,433,120804.958403299,3.0,423.5976313105741
2021-05-01,punjab,21,19568,2685490.3533515423,125.0,6019.873547435019
2021-05-01,rajasthan,40,21558,6635367.2184529975,253.0,9276.018554863387
2021-05-01,sikkim,0,211,59144.09421828181,0.0,110.10427770942457
2021-05-01,tamil nadu,251,21250,6983746.2611561,438.0,12274.303282917348
2021-05-01,tripura,0,2255,355638.95606868627,17.0,230.48563470684095
2021-05-01,uttar pradesh,28,161474,19341570.792051267,405.0,18153.934020430315
2021-05-01,uttarakhand,6,4102,976313.1494035844,47.0,1541.3840129526093
2021-05-01,west bengal,12,32868,8835411.364759233,188.0,8508.034441467005
2021-06-01,andaman & nicobar islands,0,2,36898.76327036317,2.090909090909091,174.79388135577148
2021-06-01,andhra pradesh,408,59965,8191428.5988729345,221.0909090909091,7318.3389765587635
2021-06-01,arunachal pradesh,0,1292,134036.45240467883,8.090909090909092,280.5913456141601
2021-06-01,assam,7,26428,3022212.090852896,47.09090909090909,2748.767810918247
2021-06-01,bihar,71,106463,10081691.227510592,82.0909090909091,5490.036551630089
2021-06-01,chandigarh,14,3364,102173.74081426024,5.090909090909091,322.4957811244802
2021-06-01,chhattisgarh,143,36334,2473960.387772775,45.09090909090909,3453.0627040461554
2021-06-01,dnh and dd,3,861,56849.27569475901,0.0909090909090909,538.0804645144028
2021-06-01,delhi,353,35100,1625869.9154405694,538.0909090909091,3001.049368214336
2021-06-01,goa,31,2282,141299.98848152196,43.09090909090909,578.2304063801683
2021-06-01,gujarat,268,78480,5853441.606458661,169.0909090909091,22354.72536394892
2021-06-01,haryana,78,45377,2455172.041120673,229.0909090909091,9979.056543536222
2021-06-01,himachal pradesh,26,8291,664855.6689003756,26.09090909090909,1599.8801270727606
2021-06-01,jammu & kashmir,88,13146,1214560.079195865,23.09090909090909,1337.0271191817405
2021-06-01,jharkhand,46,37938,3194793.7080386886,59.09090909090909,3158.6632041151443
2021-06-01,karnataka,631,27432,5916876.488196425,697.0909090909091,11368.26506788209
2021-06-01,kerala,324,27846,3235275.815773628,191.0909090909091,5541.3562833711085
2021-06-01,ladakh,0,115,,,143.93579398363778
2021-06-01,madhya pradesh,240,103020,7033717.795371826,173.0909090909091,7328.8823784438555
2021-06-01,maharashtra,1081,99915,10883101.37465562,659.0909090909091,18067.772052349843
2021-06-01,manipur,0,107,276595.45380618697,15.090909090909092,239.80537270337075
2021-06-01,meghalaya,0,600,287345.4871999147,18.09090909090909,420.8134090296429
2021-06-01,mizoram,0,946,106241.32101729236,,133.24618918380705
2021-06-01,nagaland,0,96,191660.50528096777,5.090909090909091,167.6726333568159
2021-06-01,odisha,149,26234,4065062.177192188,116.0909090909091,5968.086172302297
2021-06-01,puducherry,31,3004,120865.2403186699,3.090909090909091,434.3786646474844
2021-06-01,punjab,74,30519,2686830.4183981246,125.0909090909091,6075.742244953512
2021-06-01,rajasthan,549,71879,6638678.279939251,253.0909090909091,9372.64553033687
2021-06-01,sikkim,0,473,59173.607239348814,0.0909090909090909,112.0597109799154
2021-06-01,tamil nadu,702,52990,6987231.164480031,438.09090909090907,12353.640883361322
2021-06-01,tripura,1,1708,355816.4206176228,17.09090909090909,231.1715973592597
2021-06-01,uttar pradesh,95,290113,19351222.274482425,405.09090909090907,18217.648489762476
2021-06-01,uttarakhand,44,12738,976800.3316138656,47.09090909090909,1549.1577599687669
2021-06-01,west bengal,30,73670,8839820.2526658,188.0909090909091,8525.331360961529
2021-07-01,andaman & nicobar islands,8,643,36917.16664356535,2.1818181818181817,176.4602236466151
2021-07-01,andhra pradesh,847,66042,8195514.099420999,221.1818181818182,7344.362905074315
2021-07-01,arunachal pradesh,0,1655,134103.303503135,8.181818181818182,282.98403069708274
2021-07-01,assam,22,27509,3023719.428554069,47.18181818181818,2768.138054041263
2021-07-01,bihar,194,76000,10086719.50243703,82.18181818181819,5475.906501089592
2021-07-01,chandigarh,20,3202,102224.70028598804,5.181818181818182,327.7205562396739
2021-07-01,chhattisgarh,265,35558,2475194.2832280225,45.18181818181818,3469.1866591497824
2021-07-01,dnh and dd,3,980,56877.62944822272,0.1818181818181818,536.3041604673156
2021-07-01,delhi,949,39988,1626680.8231290684,538.1818181818181,3045.9354603009056
2021-07-01,goa,74,2676,141370.4622912384,43.18181818181818,589.5538593493931
2021-07-01,gujarat,411,92433,5856361.028706271,169.1818181818182,22562.056474277484
2021-07-01,haryana,140,39000,2456396.565829462,229.1818181818182,10042.08537889268
2021-07-01,himachal pradesh,20,10354,665187.2677377324,26.181818181818183,1635.901098920123
2021-07-01,jammu & kashmir,204,15440,1215165.844821399,23.181818181818183,1355.1313429785178
2021-07-01,jharkhand,112,34532,3196387.1213594056,59.18181818181818,3168.3430168657137
2021-07-01,karnataka,3580,105641,5919827.548789041,697.1818181818181,11491.714448284974
2021-07-01,kerala,595,59861,3236889.4196717683,191.1818181818182,5581.39226310971
2021-07-01,ladakh,0,603,,,145.59640030825656
2021-07-01,madhya pradesh,486,113675,7037225.884047821,173.1818181818182,7351.6653941141685
2021-07-01,maharashtra,2387,184146,10888529.355391106,659.1818181818181,18176.965240441863
2021-07-01,manipur,0,542,276733.406650978,15.181818181818182,241.3826783144038
2021-07-01,meghalaya,1,1485,287488.801657371,18.181818181818183,426.57142867073003
2021-07-01,mizoram,0,1315,106294.30920732592,,134.66236296393734
2021-07-01,nagaland,0,1622,191756.0965554221,5.181818181818182,170.2373238323712
2021-07-01,odisha,327,43632,4067089.639624703,116.1818181818182,5988.792533877399
2021-07-01,puducherry,38,4458,120925.5222340408,3.1818181818181817,445.15969798439477
2021-07-01,punjab,321,36589,2688170.4834447065,125.1818181818182,6131.610942472006
2021-07-01,rajasthan,1430,81682,6641989.341425505,253.1818181818182,9469.272505810352
2021-07-01,sikkim,0,910,59203.120260415824,0.1818181818181818,114.01514425040624
2021-07-01,tamil nadu,2889,143665,6990716.06780396,438.1818181818182,12432.978483805295
2021-07-01,tripura,0,2563,355993.8851665592,17.181818181818183,231.85756001167843
2021-07-01,uttar pradesh,311,243179,19360873.75691359,405.1818181818182,18281.362959094637
2021-07-01,uttarakhand,87,16450,977287.5138241468,47.18181818181818,1556.9315069849245
2021-07-01,west bengal,73,85584,8844229.140572365,188.1818181818182,8542.628280456052
2021-08-01,andaman & nicobar islands,1,516,36935.57001676752,2.2727272727272725,178.12656593745876
2021-08-01,andhra pradesh,744,66718,8199599.599969068,221.27272727272728,7370.386833589865
2021-08-01,arunachal pradesh,0,1884,134170.1546015912,8.272727272727273,285.3767157800054
2021-08-01,assam,28,31544,3025226.7662552428,47.27272727272727,2787.5082971642787
2021-08-01,bihar,198,60342,10091747.777363472,82.27272727272727,5461.776450549095
2021-08-01,chandigarh,28,3225,102275.65975771584,5.2727272727272725,332.94533135486756
2021-08-01,chhattisgarh,249,31841,2476428.178683271,45.27272727272727,3485.3106142534093
2021-08-01,dnh and dd,2,905,56905.98320168645,0.2727272727272727,534.5278564202282
2021-08-01,delhi,1152,39246,1627491.7308175678,538.2727272727273,3090.8215523874746
2021-08-01,goa,41,3755,141440.9361009549,43.27272727272727,600.8773123186178
2021-08-01,gujarat,667,75115,5859280.450953882,169.27272727272728,22769.387584606044
2021-08-01,haryana,444,46369,2457621.0905382507,229.27272727272728,10105.114214249135
2021-08-01,himachal pradesh,32,9071,665518.8665750893,26.27272727272728,1671.9220707674856
2021-08-01,jammu & kashmir,122,15408,1215771.6104469332,23.27272727272728,1373.235566775295
2021-08-01,jharkhand,140,31702,3197980.534680124,59.27272727272727,3178.022829616283
2021-08-01,karnataka,3456,101726,5922778.609381659,697.2727272727273,11615.16382868786
2021-08-01,kerala,781,75320,3238503.0235699103,191.27272727272728,5621.428242848312
2021-08-01,ladakh,0,489,,,147.25700663287535
2021-08-01,madhya pradesh,483,80617,7040733.972723818,173.27272727272728,7374.448409784482
2021-08-01,maharashtra,2616,154203,10893957.336126598,659.2727272727273,18286.158428533883
2021-08-01,manipur,0,1577,276871.35949576925,15.272727272727272,242.9599839254368
2021-08-01,meghalaya,0,1867,287632.1161148274,18.27272727272728,432.3294483118171
2021-08-01,mizoram,0,1297,106347.2973973595,,136.07853674406766
2021-08-01,nagaland,0,1340,191851.6878298765,5.2727272727272725,172.8020143079265
2021-08-01,odisha,489,39274,4069117.1020572186,116.27272727272728,6009.498895452501
2021-08-01,puducherry,35,4333,120985.80414941174,3.2727272727272725,455.94073132130507
2021-08-01,punjab,346,36585,2689510.5484912903,125.27272727272728,6187.4796399905
2021-08-01,rajasthan,1504,68475,6645300.40291176,253.27272727272728,9565.899481283834
2021-08-01,sikkim,0,897,59232.63328148284,0.2727272727272727,115.97057752089707
2021-08-01,tamil nadu,2833,130305,6994200.971127891,438.27272727272725,12512.316084249269
2021-08-01,tripura,0,2924,356171.3497154957,17.272727272727273,232.54352266409717
2021-08-01,uttar pradesh,534,170746,19370525.23934476,405.27272727272725,18345.077428426797
2021-08-01,uttarakhand,120,14952,977774.6960344282,47.27272727272727,1564.705254001082
2021-08-01,west bengal,108,72811,8848638.028478933,188.27272727272728,8559.925199950576
2021-09-01,andaman & nicobar islands,0,416,36953.9733899697,2.363636363636364,179.7929082283024
2021-09-01,andhra pradesh,805,59716,8203685.100517133,221.3636363636364,7396.410762105416
2021-09-01,arunachal pradesh,0,1897,134237.00570004742,8.363636363636363,287.769400862928
2021-09-01,assam,38,30474,3026734.103956416,47.36363636363637,2806.878540287295
2021-09-01,bihar,479,52360,10096776.052289909,82.36363636363636,5447.646400008598
2021-09-01,chandigarh,45,2769,102326.61922944366,5.363636363636363,338.1701064700612
2021-09-01,chhattisgarh,256,28440,2477662.07413852,45.36363636363637,3501.434569357036
2021-09-01,dnh and dd,1,1014,56934.33695515017,0.3636363636363636,532.7515523731408
2021-09-01,delhi,1074,26528,1628302.6385060668,538.3636363636364,3135.707644474044
2021-09-01,goa,121,4358,141511.40991067133,43.36363636363637,612.2007652878426
2021-09-01,gujarat,1090,96617,5862199.873201492,169.36363636363637,22976.718694934607
2021-09-01,haryana,698,47469,2458845.6152470387,229.3636363636364,10168.143049605593
2021-09-01,himachal pradesh,34,8354,665850.4654124461,26.363636363636363,1707.943042614848
2021-09-01,jammu & kashmir,158,11127,1216377.3760724673,23.363636363636363,1391.3397905720722
2021-09-01,jharkhand,161,28420,3199573.9480008413,59.36363636363637,3187.702642366853
2021-09-01,karnataka,3766,101699,5925729.669974275,697.3636363636364,11738.613209090747
2021-09-01,kerala,953,70308,3240116.627468052,191.3636363636364,5661.464222586914
2021-09-01,ladakh,0,470,,,148.91761295749413
2021-09-01,madhya pradesh,613,76922,7044242.061399815,173.36363636363637,7397.231425454795
2021-09-01,maharashtra,2314,120251,10899385.316862086,659.3636363636364,18395.351616625903
2021-09-01,manipur,0,4694,277009.3123405603,15.363636363636363,244.5372895364698
2021-09-01,meghalaya,0,2301,287775.4305722837,18.363636363636363,438.08746795290415
2021-09-01,mizoram,0,1729,106400.28558739308,,137.49471052419796
2021-09-01,nagaland,1,1259,191947.27910433084,5.363636363636363,175.36670478348182
2021-09-01,odisha,492,33220,4071144.564489733,116.36363636363636,6030.205257027603
2021-09-01,puducherry,50,3851,121046.08606478262,3.363636363636364,466.7217646582154
2021-09-01,punjab,490,32340,2690850.613537872,125.36363636363636,6243.3483375089945
2021-09-01,rajasthan,1694,59537,6648611.464398013,253.3636363636364,9662.526456757316
2021-09-01,sikkim,0,895,59262.146302549845,0.3636363636363636,117.9260107913879
2021-09-01,tamil nadu,2987,127300,6997685.874451822,438.3636363636364,12591.653684693241
2021-09-01,tripura,0,3139,356348.8142644322,17.363636363636363,233.2294853165159
2021-09-01,uttar pradesh,734,156472,19380176.72177592,405.3636363636364,18408.791897758958
2021-09-01,uttarakhand,179,13097,978261.8782447096,47.36363636363637,1572.4790010172396
2021-09-01,west bengal,118,74867,8853046.9163855,188.3636363636364,8577.2221194451
2021-10-01,andaman & nicobar islands,1,430,36972.37676317187,2.4545454545454546,181.45925051914605
2021-10-01,andhra pradesh,1030,95476,8207770.601065199,221.45454545454547,7422.434690620967
2021-10-01,arunachal pradesh,0,1679,134303.85679850358,8.454545454545455,290.1620859458507
2021-10-01,assam,28,38032,3028241.4416575897,47.45454545454545,2826.248783410311
2021-10-01,bihar,477,56517,10101804.327216348,82.45454545454545,5433.516349468102
2021-10-01,chandigarh,30,3608,102377.57870117149,5.454545454545455,343.3948815852549
2021-10-01,chhattisgarh,312,38719,2478895.9695937675,45.45454545454545,3517.5585244606627
2021-10-01,dnh and dd,2,961,56962.69070861388,0.4545454545454546,530.9752483260535
2021-10-01,delhi,1248,38963,1629113.5461945657,538.4545454545455,3180.5937365606133
2021-10-01,goa,191,5079,141581.8837203878,43.45454545454545,623.5242182570673
2021-10-01,gujarat,1564,107884,5865119.295449102,169.45454545454547,23184.049805263166
2021-10-01,haryana,513,38525,2460070.139955827,229.45454545454547,10231.171884962048
2021-10-01,himachal pradesh,30,7852,666182.0642498028,26.454545454545453,1743.9640144622108
2021-10-01,jammu & kashmir,201,12806,1216983.1416980012,23.454545454545453,1409.4440143688496
2021-10-01,jharkhand,258,33683,3201167.3613215582,59.45454545454545,3197.3824551174225
2021-10-01,karnataka,3872,94906,5928680.730566892,697.4545454545455,11862.062589493633
2021-10-01,kerala,991,56939,3241730.231366193,191.45454545454547,5701.500202325516
2021-10-01,ladakh,6,307,,,150.57821928211294
2021-10-01,madhya pradesh,565,61629,7047750.15007581,173.45454545454547,7420.014441125107
2021-10-01,maharashtra,3852,165103,10904813.297597574,659.4545454545455,18504.54480471792
2021-10-01,manipur,6,3014,277147.2651853514,15.454545454545457,246.11459514750283
2021-10-01,meghalaya,0,2136,287918.74502974,18.454545454545453,443.8454875939912
2021-10-01,mizoram,0,2169,106453.2737774266,,138.91088430432828
2021-10-01,nagaland,0,1217,192042.8703787852,5.454545454545455,177.93139525903712
2021-10-01,odisha,950,58538,4073172.026922248,116.45454545454544,6050.911618602704
2021-10-01,puducherry,31,3448,121106.36798015352,3.4545454545454546,477.5027979951258
2021-10-01,punjab,421,38463,2692190.6785844546,125.45454545454544,6299.217035027488
2021-10-01,rajasthan,1688,78449,6651922.525884267,253.45454545454547,9759.153432230796
2021-10-01,sikkim,0,800,59291.65932361684,0.4545454545454546,119.88144406187872
2021-10-01,tamil nadu,2649,100470,7001170.777775751,438.45454545454544,12670.991285137216
2021-10-01,tripura,0,3381,356526.2788133686,17.454545454545453,233.91544796893464
2021-10-01,uttar pradesh,1032,153019,19389828.20420708,405.45454545454544,18472.506367091122
2021-10-01,uttarakhand,142,16349,978749.0604549906,47.45454545454545,1580.2527480333974
2021-10-01,west bengal,100,60595,8857455.804292066,188.45454545454547,8594.519038939621
2021-11-01,andaman & nicobar islands,0,538,36990.78013637405,2.5454545454545454,183.12559280998968
2021-11-01,andhra pradesh,1148,72209,8211856.101613265,221.54545454545453,7448.458619136518
2021-11-01,arunachal pradesh,0,1908,134370.7078969598,8.545454545454545,292.55477102877336
2021-11-01,assam,120,35204,3029748.779358763,47.54545454545455,2845.619026533327
2021-11-01,bihar,615,114201,10106832.602142788,82.54545454545455,5419.386298927605
2021-11-01,chandigarh,95,4002,102428.53817289928,5.545454545454545,348.61965670044856
2021-11-01,chhattisgarh,523,67923,2480129.865049016,45.54545454545455,3533.682479564289
2021-11-01,dnh and dd,1,1268,56991.0444620776,0.5454545454545454,529.1989442789661
2021-11-01,delhi,1454,49492,1629924.4538830644,538.5454545454545,3225.479828647183
2021-11-01,goa,198,5397,141652.35753010426,43.54545454545455,634.847671226292
2021-11-01,gujarat,1690,133155,5868038.717696712,169.54545454545453,23391.38091559173
2021-11-01,haryana,884,59992,2461294.664664615,229.54545454545453,10294.200720318506
2021-11-01,himachal pradesh,61,11894,666513.6630871596,26.545454545454547,1779.9849863095733
2021-11-01,jammu & kashmir,64,12792,1217588.9073235353,23.545454545454547,1427.5482381656268
2021-11-01,jharkhand,378,56675,3202760.774642276,59.54545454545455,3207.0622678679924
2021-11-01,karnataka,3583,91691,5931631.791159508,697.5454545454545,11985.511969896519
2021-11-01,kerala,1162,58962,3243343.8352643345,191.54545454545453,5741.536182064117
2021-11-01,ladakh,0,315,,,152.23882560673172
2021-11-01,madhya pradesh,971,112439,7051258.238751805,173.54545454545453,7442.79745679542
2021-11-01,maharashtra,4199,196648,10910241.278333064,659.5454545454545,18613.73799280994
2021-11-01,manipur,3,3365,277285.2180301425,15.545454545454543,247.69190075853584
2021-11-01,meghalaya,0,2248,288062.05948719627,18.545454545454547,449.60350723507827
2021-11-01,mizoram,0,2148,106506.26196746016,,140.32705808445857
2021-11-01,nagaland,0,1284,192138.4616532395,5.545454545454545,180.49608573459244
2021-11-01,odisha,861,46223,4075199.489354762,116.54545454545456,6071.617980177806
2021-11-01,puducherry,48,3421,121166.64989552445,3.5454545454545454,488.28383133203613
2021-11-01,punjab,806,55564,2693530.743631037,125.54545454545456,6355.085732545982
2021-11-01,rajasthan,2344,157483,6655233.58737052,253.54545454545453,9855.780407704278
2021-11-01,sikkim,0,829,59321.17234468385,0.5454545454545454,121.83687733236955
2021-11-01,tamil nadu,2952,126736,7004655.68109968,438.54545454545456,12750.328885581188
2021-11-01,tripura,0,4169,356703.7433623051,17.545454545454547,234.60141062135338
2021-11-01,uttar pradesh,1357,254978,19399479.68663824,405.54545454545456,18536.220836423283
2021-11-01,uttarakhand,274,24931,979236.2426652716,47.54545454545455,1588.026495049555
2021-11-01,west bengal,368,88655,8861864.692198632,188.54545454545453,8611.815958434145
2021-12-01,andaman & nicobar islands,1,498,37009.18350957623,2.636363636363636,184.79193510083334
2021-12-01,andhra pradesh,1016,48760,8215941.602161333,221.63636363636363,7474.482547652068
2021-12-01,arunachal pradesh,0,1745,134437.558995416,8.636363636363637,294.947456111696
2021-12-01,assam,96,35129,3031256.117059937,47.63636363636363,2864.989269656343
2021-12-01,bihar,474,68485,10111860.87706923,82.63636363636364,5405.256248387108
2021-12-01,chandigarh,42,3237,102479.4976446271,5.636363636363637,353.8444318156422
2021-12-01,chhattisgarh,505,28423,2481363.7605042644,45.63636363636363,3549.806434667916
2021-12-01,dnh and dd,5,1436,57019.39821554133,0.6363636363636364,527.4226402318787
2021-12-01,delhi,1535,31320,1630735.361571564,538.6363636363636,3270.365920733752
2021-12-01,goa,172,4774,141722.83133982075,43.63636363636363,646.1711241955169
2021-12-01,gujarat,2274,117269,5870958.139944324,169.63636363636363,23598.71202592029
2021-12-01,haryana,681,56709,2462519.189373404,229.63636363636363,10357.229555674961
2021-12-01,himachal pradesh,74,10149,666845.2619245164,26.63636363636364,1816.0059581569358
2021-12-01,jammu & kashmir,110,9382,1218194.6729490696,23.63636363636364,1445.652461962404
2021-12-01,jharkhand,296,30335,3204354.187962994,59.63636363636363,3216.742080618562
2021-12-01,karnataka,4534,99390,5934582.851752126,697.6363636363636,12108.961350299405
2021-12-01,kerala,1293,60990,3244957.439162476,191.63636363636363,5781.572161802719
2021-12-01,ladakh,0,182,,,153.8994319313505
2021-12-01,madhya pradesh,931,122697,7054766.327427802,173.63636363636363,7465.580472465733
2021-12-01,maharashtra,6167,163848,10915669.259068554,659.6363636363636,18722.93118090196
2021-12-01,manipur,4,4498,277423.17087493365,15.636363636363637,249.26920636956885
2021-12-01,meghalaya,0,1989,288205.3739446526,18.63636363636364,455.3615268761654
2021-12-01,mizoram,0,2116,106559.25015749376,,141.7432318645889
2021-12-01,nagaland,0,893,192234.05292769388,5.636363636363637,183.06077621014774
2021-12-01,odisha,959,31327,4077226.951787278,116.63636363636364,6092.3243417529075
2021-12-01,puducherry,83,3197,121226.93181089536,3.636363636363636,499.0648646689464
2021-12-01,punjab,456,45911,2694870.8086776203,125.63636363636364,6410.954430064476
2021-12-01,rajasthan,2192,73800,6658544.648856776,253.63636363636363,9952.40738317776
2021-12-01,sikkim,0,848,59350.68536575086,0.6363636363636364,123.7923106028604
2021-12-01,tamil nadu,3357,100486,7008140.584423612,438.6363636363636,12829.666486025162
2021-12-01,tripura,1,3931,356881.2079112416,17.636363636363637,235.28737327377212
2021-12-01,uttar pradesh,1392,302487,19409131.16906941,405.6363636363636,18599.935305755444
2021-12-01,uttarakhand,267,16902,979723.4248755532,47.63636363636363,1595.8002420657126
2021-12-01,west bengal,324,82441,8866273.5801052,188.63636363636363,8629.112877928668
2022-01-01,andaman & nicobar islands,0,426,37058.01457134109,2.7272727272727275,186.45827739167697
2022-01-01,andhra pradesh,1700,68130,8226781.969707613,221.72727272727272,7500.506476167619
2022-01-01,arunachal pradesh,0,1716,134614.94007017338,8.727272727272727,297.34014119461864
2022-01-01,assam,92,31647,3035255.650166063,47.72727272727273,2884.3595127793587
2022-01-01,bihar,419,56918,10125202.779165449,82.72727272727273,5391.126197846611
2022-01-01,chandigarh,26,2810,102614.71226447469,5.727272727272728,359.06920693083595
2022-01-01,chhattisgarh,606,36656,2484637.748621806,45.72727272727273,3565.930389771543
2022-01-01,dnh and dd,6,1116,57094.63137369348,0.7272727272727273,525.6463361847915
2022-01-01,delhi,2044,38274,1632887.0042616122,538.7272727272727,3315.2520128203214
2022-01-01,goa,220,4200,141909.8248283114,43.72727272727273,657.4945771647416
2022-01-01,gujarat,2288,80070,5878704.463758151,169.72727272727272,23806.043136248853
2022-01-01,haryana,623,45972,2465768.313380756,229.72727272727272,10420.258391031419
2022-01-01,himachal pradesh,25,6580,667725.118194899,26.727272727272727,1852.0269300042983
2022-01-01,jammu & kashmir,76,7524,1219801.9966907836,23.727272727272727,1463.7566857591812
2022-01-01,jharkhand,245,28958,3208582.112019422,59.72727272727273,3226.4218933691313
2022-01-01,karnataka,4595,96101,5942413.123979223,697.7272727272727,12232.41073070229
2022-01-01,kerala,1611,63140,3249238.9364047786,191.72727272727272,5821.608141541321
2022-01-01,ladakh,6,170,,,155.5600382559693
2022-01-01,madhya pradesh,887,86368,7064074.604390523,173.72727272727272,7488.363488136046
2022-01-01,maharashtra,5401,172709,10930071.73081334,659.7272727272727,18832.12436899398
2022-01-01,manipur,5,4347,277789.2115898954,15.727272727272728,250.8465119806019
2022-01-01,meghalaya,0,2175,288585.64103193965,18.727272727272727,461.11954651725245
2022-01-01,mizoram,0,1698,106699.84772903196,,143.1594056447192
2022-01-01,nagaland,0,1132,192487.69248473496,5.727272727272728,185.62546668570303
2022-01-01,odisha,1360,51625,4082606.571174464,116.72727272727272,6113.03070332801
2022-01-01,puducherry,94,4802,121386.88237541646,3.727272727272728,509.8458980058567
2022-01-01,punjab,559,38087,2698426.504600304,125.72727272727272,6466.823127582969
2022-01-01,rajasthan,2451,63811,6667330.138677925,253.72727272727272,10049.034358651243
2022-01-01,sikkim,0,670,59428.99449629765,0.7272727272727273,125.74774387335123
2022-01-01,tamil nadu,4354,144893,7017387.34193844,438.7272727272728,12909.004086469135
2022-01-01,tripura,5,3437,357352.0880186539,17.727272727272727,235.97333592619086
2022-01-01,uttar pradesh,1336,201495,19434740.177240964,405.7272727272728,18663.649775087604
2022-01-01,uttarakhand,214,14654,981016.1022743996,47.72727272727273,1603.5739890818702
2022-01-01,west bengal,424,69039,8877972.015784066,188.72727272727272,8646.409797423192
2022-02-01,andaman & nicobar islands,0,500,37076.54357862675,2.8181818181818183,188.12461968252063
2022-02-01,andhra pradesh,2327,58374,8230895.360692467,221.8181818181818,7526.53040468317
2022-02-01,arunachal pradesh,0,1529,134682.24754020848,8.818181818181818,299.7328262775413
2022-02-01,assam,111,31566,3036773.277991146,47.81818181818182,2903.729755902375
2022-02-01,bihar,503,65416,10130265.380555032,82.81818181818181,5376.996147306114
2022-02-01,chandigarh,33,3125,102666.01962060692,5.818181818181818,364.2939820460296
2022-02-01,chhattisgarh,655,32430,2485880.0674961167,45.81818181818182,3582.0543448751696
2022-02-01,dnh and dd,5,1171,57123.17868938033,0.8181818181818182,523.8700321377041
2022-02-01,delhi,2682,38021,1633703.4477637429,538.8181818181819,3360.1381049068905
2022-02-01,goa,329,4408,141980.77974072553,43.81818181818182,668.8180301339664
2022-02-01,gujarat,2741,92670,5881643.81599003,169.8181818181818,24013.374246577412
2022-02-01,haryana,705,42020,2467001.197537446,229.8181818181818,10483.287226387874
2022-02-01,himachal pradesh,62,7657,668058.9807539964,26.818181818181817,1888.047901851661
2022-02-01,jammu & kashmir,108,9515,1220411.8976891292,23.818181818181817,1481.8609095559586
2022-02-01,jharkhand,342,31509,3210186.4030754315,59.81818181818182,3236.1017061197012
2022-02-01,karnataka,5795,93173,5945384.330541212,697.8181818181819,12355.860111105176
2022-02-01,kerala,2064,55848,3250863.555872981,191.8181818181818,5861.644121279923
2022-02-01,ladakh,0,59,,,157.2206445805881
2022-02-01,madhya pradesh,996,80596,7067606.641692719,173.8181818181818,7511.146503806359
2022-02-01,maharashtra,7776,147848,10935536.766678749,659.8181818181819,18941.317557086
2022-02-01,manipur,3,5607,277928.10619569034,15.818181818181818,252.4238175916349
2022-02-01,meghalaya,1,2062,288729.93385245564,18.818181818181817,466.8775661583395
2022-02-01,mizoram,0,1953,106753.19765289647,,144.57557942484948
2022-02-01,nagaland,0,1277,192583.93633097733,5.818181818181818,188.19015716125836
2022-02-01,odisha,1293,46879,4084647.8744600513,116.8181818181818,6133.737064903111
2022-02-01,puducherry,117,4032,121447.57581660416,3.8181818181818175,520.6269313427671
2022-02-01,punjab,301,33970,2699775.717852604,125.8181818181818,6522.691825101463
2022-02-01,rajasthan,2679,70979,6670663.803747263,253.8181818181818,10145.661334124725
2022-02-01,sikkim,0,755,59458.7089935458,0.8181818181818182,127.70317714384205
2022-02-01,tamil nadu,4641,125562,7020896.035609408,438.8181818181818,12988.341686913107
2022-02-01,tripura,3,3045,357530.76406266325,17.818181818181817,236.6592985786096
2022-02-01,uttar pradesh,1224,192178,19444457.547329582,405.8181818181818,18727.364244419765
2022-02-01,uttarakhand,247,13103,981506.6103255368,47.81818181818182,1611.3477360980278
2022-02-01,west bengal,428,64332,8882411.00179196,188.8181818181818,8663.706716917715
2022-03-01,andaman & nicobar islands,2,491,37095.07258591242,2.909090909090909,189.79096197336426
2022-03-01,andhra pradesh,3224,58876,8235008.751677319,221.9090909090909,7552.554333198721
2022-03-01,arunachal pradesh,0,1790,134749.55501024355,8.90909090909091,302.1255113604639
2022-03-01,assam,181,36979,3038290.9058162286,47.90909090909091,2923.099999025391
2022-03-01,bihar,1340,91859,10135327.981944611,82.9090909090909,5362.866096765617
2022-03-01,chandigarh,69,4162,102717.32697673916,5.909090909090909,369.5187571612233
2022-03-01,chhattisgarh,978,35444,2487122.3863704274,45.90909090909091,3598.1782999787965
2022-03-01,dnh and dd,6,1112,57151.726005067176,0.9090909090909092,522.0937280906168
2022-03-01,delhi,3711,42256,1634519.8912658736,538.9090909090909,3405.02419699346
2022-03-01,goa,326,5855,142051.7346531397,43.90909090909091,680.1414831031911
2022-03-01,gujarat,4756,105410,5884583.168221909,169.9090909090909,24220.705356905975
2022-03-01,haryana,1038,48916,2468234.0816941364,229.9090909090909,10546.316061744332
2022-03-01,himachal pradesh,64,6936,668392.8433130939,26.90909090909091,1924.0688736990235
2022-03-01,jammu & kashmir,231,10534,1221021.7986874743,23.90909090909091,1499.9651333527358
2022-03-01,jharkhand,612,43497,3211790.694131441,59.90909090909091,3245.7815188702707
2022-03-01,karnataka,7518,113704,5948355.537103201,697.9090909090909,12479.309491508062
2022-03-01,kerala,3211,67238,3252488.175341183,191.9090909090909,5901.6801010185245
2022-03-01,ladakh,0,98,,,158.88125090520688
2022-03-01,madhya pradesh,1615,87872,7071138.678994914,173.9090909090909,7533.929519476672
2022-03-01,maharashtra,11747,169832,10941001.802544154,659.9090909090909,19050.51074517802
2022-03-01,manipur,2,4225,278067.00080148526,15.90909090909091,254.0011232026679
2022-03-01,meghalaya,0,2791,288874.2266729716,18.90909090909091,472.63558579942656
2022-03-01,mizoram,0,2261,106806.54757676098,,145.9917532049798
2022-03-01,nagaland,0,1173,192680.18017721968,5.909090909090909,190.75484763681365
2022-03-01,odisha,2394,53899,4086689.1777456384,116.9090909090909,6154.443426478213
2022-03-01,puducherry,184,4730,121508.26925779188,3.909090909090909,531.4079646796774
2022-03-01,punjab,720,42333,2701124.9311049045,125.9090909090909,6578.560522619957
2022-03-01,rajasthan,3169,73857,6673997.468816602,253.9090909090909,10242.288309598207
2022-03-01,sikkim,0,850,59488.423490793946,0.9090909090909092,129.65861041433288
2022-03-01,tamil nadu,7876,144876,7024404.729280378,438.9090909090909,13067.679287357081
2022-03-01,tripura,18,3988,357709.4401066725,17.90909090909091,237.34526123102833
2022-03-01,uttar pradesh,2004,210251,19454174.9174182,405.9090909090909,18791.078713751926
2022-03-01,uttarakhand,455,15718,981997.118376674,47.90909090909091,1619.1214831141854
2022-03-01,west bengal,667,82322,8886849.98779985,188.9090909090909,8681.003636412239
2022-04-01,andaman & nicobar islands,1,554,37113.601593198095,3.0,189.79096197336426
2022-04-01,andhra pradesh,2799,63724,8239122.142662175,222.0,7552.554333198721
2022-04-01,arunachal pradesh,0,1887,134816.86248027865,9.0,302.1255113604639
2022-04-01,assam,170,33167,3039808.5336413123,48.0,2923.099999025391
2022-04-01,bihar,483,88399,10140390.583334198,83.0,5362.866096765617
2022-04-01,chandigarh,75,4048,102768.6343328714,6.0,369.5187571612233
2022-04-01,chhattisgarh,1417,35704,2488364.7052447386,46.0,3598.1782999787965
2022-04-01,dnh and dd,5,1235,57180.27332075403,1.0,522.0937280906168
2022-04-01,delhi,3398,48037,1635336.3347680047,539.0,3405.02419699346
2022-04-01,goa,408,5207,142122.68956555388,44.0,680.1414831031911
2022-04-01,gujarat,6866,115182,5887522.520453788,170.0,24220.705356905975
2022-04-01,haryana,1226,47279,2469466.965850827,230.0,10546.316061744332
2022-04-01,himachal pradesh,101,7777,668726.7058721915,27.0,1924.0688736990235
2022-04-01,jammu & kashmir,128,12774,1221631.69968582,24.0,1499.9651333527358
2022-04-01,jharkhand,459,40154,3213394.985187452,60.0,3245.7815188702707
2022-04-01,karnataka,9125,124529,5951326.743665191,698.0,12479.309491508062
2022-04-01,kerala,3183,58001,3254112.794809386,192.0,5901.6801010185245
2022-04-01,ladakh,0,456,,,158.88125090520688
2022-04-01,madhya pradesh,1374,87040,7074670.71629711,174.0,7533.929519476672
2022-04-01,maharashtra,7729,168418,10946466.838409564,660.0,19050.51074517802
2022-04-01,manipur,2,2059,278205.89540728024,16.0,254.0011232026679
2022-04-01,meghalaya,6,2332,289018.5194934876,19.0,472.63558579942656
2022-04-01,mizoram,0,1853,106859.89750062552,,145.9917532049798
2022-04-01,nagaland,2,1167,192776.42402346208,6.0,190.75484763681365
2022-04-01,odisha,2292,49778,4088730.481031226,117.0,6154.443426478213
2022-04-01,puducherry,84,3746,121568.9626989796,4.0,531.4079646796774
2022-04-01,punjab,820,40081,2702474.144357205,126.0,6578.560522619957
2022-04-01,rajasthan,3858,85215,6677331.133885942,254.0,10242.288309598207
2022-04-01,sikkim,0,835,59518.1379880421,1.0,129.65861041433288
2022-04-01,tamil nadu,5579,124142,7027913.422951348,439.0,13067.679287357081
2022-04-01,tripura,20,3245,357888.116150682,18.0,237.34526123102833
2022-04-01,uttar pradesh,2408,257252,19463892.287506822,406.0,18791.078713751926
2022-04-01,uttarakhand,651,17105,982487.6264278112,48.0,1619.1214831141854
2022-04-01,west bengal,855,77469,8891288.973807743,189.0,8681.003636412239
2022-05-01,andaman & nicobar islands,0,468,37132.13060048377,3.0,192.5761881022639
2022-05-01,andhra pradesh,1674,54968,8243235.533647028,222.0,7596.587823942762
2022-05-01,arunachal pradesh,0,2206,134884.16995031375,9.0,306.1055531025595
2022-05-01,assam,119,35500,3041326.1614663955,48.0,2939.413726567791
2022-05-01,bihar,470,119529,10145453.18472378,83.0,5381.848004899862
2022-05-01,chandigarh,64,4045,102819.94168900362,6.0,373.63497014084373
2022-05-01,chhattisgarh,858,33218,2489607.02411905,46.0,3648.9060258638306
2022-05-01,dnh and dd,7,1164,57208.82063644088,1.0,523.3376106164718
2022-05-01,delhi,2510,44091,1636152.7782701354,657.7272727272727,3488.382967097256
2022-05-01,goa,504,4698,142193.64447796802,44.0,689.0850751514072
2022-05-01,gujarat,4571,91795,5890461.872685666,172.27272727272728,24355.65209764444
2022-05-01,haryana,1209,50352,2470699.8500075177,230.1818181818182,10446.991284813825
2022-05-01,himachal pradesh,76,8909,669060.5684312888,27.0,1942.7639479568918
2022-05-01,jammu & kashmir,126,14280,1222241.6006841653,24.0,1515.2296374529567
2022-05-01,jharkhand,434,43623,3214999.276243461,60.0,3258.0450551716226
2022-05-01,karnataka,6188,105225,5954297.950227181,698.5454545454545,12709.319975177646
2022-05-01,kerala,2631,56220,3255737.414277588,192.0,5990.532183737633
2022-05-01,ladakh,0,741,,,160.41332312331002
2022-05-01,madhya pradesh,1353,108619,7078202.753599304,174.0,7607.7560716759
2022-05-01,maharashtra,9708,157425,10951931.874274967,660.0,19223.257233881537
2022-05-01,manipur,2,3087,278344.7900130752,16.0,259.4435926088998
2022-05-01,meghalaya,3,2831,289162.81231400353,19.0,480.71523231796203
2022-05-01,mizoram,1,2035,106913.24742449004,,148.61625723737927
2022-05-01,nagaland,1,1144,192872.66786970448,6.0,191.87000732540776
2022-05-01,odisha,1754,43907,4090771.7843168136,117.0,6198.830189715769
2022-05-01,puducherry,67,3848,121629.6561401673,4.0,557.6607579762288
2022-05-01,punjab,495,40220,2703823.357609505,126.0,6576.851991449335
2022-05-01,rajasthan,3825,90850,6680664.79895528,254.0,10290.275157193913
2022-05-01,sikkim,0,882,59547.85248529025,1.0,131.65408398305073
2022-05-01,tamil nadu,3830,121933,7031422.116622317,439.1818181818182,13200.157580445884
2022-05-01,tripura,14,3127,358066.79219469125,18.0,238.43245081021286
2022-05-01,uttar pradesh,1721,304657,19473609.657595444,406.0,18846.48042650159
2022-05-01,uttarakhand,399,16878,982978.1344789484,48.0,1632.0540737420831
2022-05-01,west bengal,759,77062,8895727.959815634,189.0,8700.601821242702
2022-06-01,andaman & nicobar islands,0,538,37150.65960776944,3.0,195.3614142311635
2022-06-01,andhra pradesh,1780,44190,8247348.9246318815,222.0,7640.621314686804
2022-06-01,arunachal pradesh,0,2274,134951.47742034882,9.0,310.0855948446551
2022-06-01,assam,110,27520,3042843.789291478,48.0,2955.7274541101906
2022-06-01,bihar,732,85311,10150515.78611336,83.0,5400.829913034107
2022-06-01,chandigarh,82,3801,102871.24904513586,6.0,377.75118312046425
2022-06-01,chhattisgarh,1070,31960,2490849.34299336,46.0,3699.633751748864
2022-06-01,dnh and dd,5,1136,57237.36795212772,1.0,524.5814931423268
2022-06-01,delhi,3022,42604,1636969.221772266,776.4545454545455,3571.741737201052
2022-06-01,goa,439,4384,142264.59939038215,44.0,698.0286671996232
2022-06-01,gujarat,5659,109741,5893401.224917546,174.54545454545453,24490.59883838291
2022-06-01,haryana,992,47800,2471932.734164208,230.3636363636364,10347.666507883316
2022-06-01,himachal pradesh,106,9067,669394.4309903863,27.0,1961.45902221476
2022-06-01,jammu & kashmir,163,12303,1222851.5016825106,24.0,1530.4941415531778
2022-06-01,jharkhand,480,36747,3216603.567299471,60.0,3270.3085914729745
2022-06-01,karnataka,7159,114524,5957269.156789171,699.0909090909091,12939.330458847231
2022-06-01,kerala,2913,60501,3257362.0337457904,192.0,6079.384266456742
2022-06-01,ladakh,14,900,,,161.94539534141313
2022-06-01,madhya pradesh,1476,95893,7081734.790901499,174.0,7681.582623875129
2022-06-01,maharashtra,8962,151312,10957396.910140377,660.0,19396.003722585054
2022-06-01,manipur,13,4420,278483.68461887015,16.0,264.88606201513164
2022-06-01,meghalaya,3,2378,289307.1051345195,19.0,488.7948788364975
2022-06-01,mizoram,2,2123,106966.59734835454,,151.24076126977874
2022-06-01,nagaland,0,1329,192968.9117159468,6.0,192.9851670140019
2022-06-01,odisha,1725,44921,4092813.0876024,117.0,6243.216952953324
2022-06-01,puducherry,94,4139,121690.349581355,4.0,583.91355127278
2022-06-01,punjab,517,37644,2705172.5708618048,126.0,6575.143460278715
2022-06-01,rajasthan,3563,71840,6683998.464024619,254.0,10338.262004789622
2022-06-01,sikkim,0,875,59577.5669825384,1.0,133.64955755176854
2022-06-01,tamil nadu,3948,131332,7034930.810293286,439.3636363636364,13332.63587353469
2022-06-01,tripura,21,3115,358245.46823870053,18.0,239.51964038939735
2022-06-01,uttar pradesh,1378,226231,19483327.027684063,406.0,18901.88213925125
2022-06-01,uttarakhand,412,17080,983468.6425300856,48.0,1644.9866643699809
2022-06-01,west bengal,751,76285,8900166.945823526,189.0,8720.200006073164
2022-07-01,andaman & nicobar islands,0,512,37169.18861505511,3.0,198.14664036006315
2022-07-01,andhra pradesh,1984,49389,8251462.315616734,222.0,7684.654805430845
2022-07-01,arunachal pradesh,1,2128,135018.7848903839,9.0,314.0656365867506
2022-07-01,assam,131,33572,3044361.417116561,48.0,2972.0411816525907
2022-07-01,bihar,648,67988,10155578.387502942,83.0,5419.811821168352
2022-07-01,chandigarh,79,4795,102922.5564012681,6.0,381.8673961000847
2022-07-01,chhattisgarh,1338,30860,2492091.661867671,46.0,3750.361477633898
2022-07-01,dnh and dd,9,1079,57265.91526781456,1.0,525.8253756681818
2022-07-01,delhi,3096,46710,1637785.6652743968,895.1818181818182,3655.1005073048477
2022-07-01,goa,686,4346,142335.5543027963,44.0,706.9722592478392
2022-07-01,gujarat,5900,108076,5896340.577149425,176.8181818181818,24625.545579121375
2022-07-01,haryana,845,48196,2473165.618320898,230.54545454545453,10248.341730952809
2022-07-01,himachal pradesh,98,8995,669728.2935494836,27.0,1980.1540964726282
2022-07-01,jammu & kashmir,325,13294,1223461.4026808562,24.0,1545.7586456533986
2022-07-01,jharkhand,596,36309,3218207.85835548,60.0,3282.5721277743264
2022-07-01,karnataka,6047,96655,5960240.36335116,699.6363636363636,13169.340942516816
2022-07-01,kerala,2256,52684,3258986.6532139927,192.0,6168.23634917585
2022-07-01,ladakh,1,599,,,163.47746755951627
2022-07-01,madhya pradesh,1767,93016,7085266.828203694,174.0,7755.409176074357
2022-07-01,maharashtra,9544,146995,10962861.94600578,660.0,19568.750211288567
2022-07-01,manipur,21,4878,278622.57922466507,16.0,270.3285314213635
2022-07-01,meghalaya,5,2416,289451.3979550355,19.0,496.874525355033
2022-07-01,mizoram,1,1746,107019.94727221904,,153.86526530217824
2022-07-01,nagaland,0,1096,193065.15556218915,6.0,194.100326702596
2022-07-01,odisha,1845,37885,4094854.390887987,117.0,6287.60371619088
2022-07-01,puducherry,76,3979,121751.04302254273,4.0,610.1663445693313
2022-07-01,punjab,610,36497,2706521.7841141047,126.0,6573.4349291080935
2022-07-01,rajasthan,4676,76569,6687332.129093957,254.0,10386.248852385328
2022-07-01,sikkim,0,848,59607.281479786536,1.0,135.64503112048638
2022-07-01,tamil nadu,4356,121630,7038439.503964255,439.54545454545456,13465.114166623493
2022-07-01,tripura,2,3034,358424.14428270987,18.0,240.60682996858188
2022-07-01,uttar pradesh,1847,181102,19493044.397772685,406.0,18957.283852000914
2022-07-01,uttarakhand,438,16423,983959.1505812226,48.0,1657.9192549978784
2022-07-01,west bengal,782,70922,8904605.931831418,189.0,8739.798190903628
2022-08-01,andaman & nicobar islands,0,552,37187.71762234078,3.0,200.93186648896278
2022-08-01,andhra pradesh,1962,61856,8255575.70660159,222.0,7728.688296174886
2022-08-01,arunachal pradesh,0,2110,135086.092360419,9.0,318.0456783288462
2022-08-01,assam,212,34199,3045879.044941644,48.0,2988.354909194991
2022-08-01,bihar,864,69577,10160640.988892527,83.0,5438.793729302597
2022-08-01,chandigarh,78,3799,102973.86375740037,6.0,385.98360907970516
2022-08-01,chhattisgarh,1395,27120,2493333.9807419823,46.0,3801.089203518932
2022-08-01,dnh and dd,7,1045,57294.462583501416,1.0,527.0692581940368
2022-08-01,delhi,3702,48184,1638602.108776528,1013.909090909091,3738.4592774086436
2022-08-01,goa,347,6867,142406.50921521048,44.0,715.9158512960553
2022-08-01,gujarat,5289,98553,5899279.929381304,179.0909090909091,24760.49231985984
2022-08-01,haryana,1078,51881,2474398.5024775886,230.72727272727272,10149.016954022301
2022-08-01,himachal pradesh,61,8798,670062.1561085812,27.0,1998.8491707304963
2022-08-01,jammu & kashmir,185,13430,1224071.3036792015,24.0,1561.0231497536197
2022-08-01,jharkhand,576,29372,3219812.14941149,60.0,3294.8356640756783
2022-08-01,karnataka,7839,112535,5963211.569913151,700.1818181818181,13399.3514261864
2022-08-01,kerala,3411,72005,3260611.2726821955,192.0,6257.088431894958
2022-08-01,ladakh,9,491,,,165.0095397776194
2022-08-01,madhya pradesh,2003,114118,7088798.86550589,174.0,7829.235728273585
2022-08-01,maharashtra,10715,159059,10968326.98187119,660.0,19741.496699992083
2022-08-01,manipur,8,4270,278761.47383046005,16.0,275.7710008275954
2022-08-01,meghalaya,2,2854,289595.6907755515,19.0,504.95417187356844
2022-08-01,mizoram,6,2470,107073.2971960836,,156.48976933457772
2022-08-01,nagaland,0,1398,193161.39940843155,6.0,195.2154863911901
2022-08-01,odisha,2050,36256,4096895.694173576,117.0,6331.990479428436
2022-08-01,puducherry,95,4568,121811.73646373044,4.0,636.4191378658826
2022-08-01,punjab,648,42504,2707870.9973664056,126.0,6571.726397937472
2022-08-01,rajasthan,4304,72769,6690665.794163298,254.0,10434.235699981034
2022-08-01,sikkim,0,815,59636.9959770347,1.0,137.64050468920422
2022-08-01,tamil nadu,5488,141256,7041948.197635225,439.7272727272728,13597.592459712296
2022-08-01,tripura,14,3046,358602.82032671926,18.0,241.69401954776637
2022-08-01,uttar pradesh,1935,157481,19502761.76786131,406.0,19012.685564750576
2022-08-01,uttarakhand,528,16310,984449.65863236,48.0,1670.8518456257761
2022-08-01,west bengal,773,71428,8909044.917839311,189.0,8759.396375734092
2022-09-01,andaman & nicobar islands,0,612,37206.24662962645,3.0,203.7170926178624
2022-09-01,andhra pradesh,2300,60807,8259689.097586444,222.0,7772.721786918927
2022-09-01,arunachal pradesh,0,1999,135153.3998304541,9.0,322.02572007094176
2022-09-01,assam,213,40419,3047396.672766727,48.0,3004.6686367373904
2022-09-01,bihar,965,59679,10165703.59028211,83.0,5457.775637436843
2022-09-01,chandigarh,96,4048,103025.17111353256,6.0,390.0998220593256
2022-09-01,chhattisgarh,1240,27443,2494576.299616293,46.0,3851.8169294039662
2022-09-01,dnh and dd,9,1019,57323.00989918826,1.0,528.3131407198919
2022-09-01,delhi,2772,39485,1639418.5522786586,1132.6363636363635,3821.81804751244
2022-09-01,goa,442,5765,142477.46412762464,44.0,724.8594433442713
2022-09-01,gujarat,5632,103022,5902219.281613183,181.3636363636364,24895.43906059831
2022-09-01,haryana,897,39972,2475631.386634279,230.9090909090909,10049.692177091792
2022-09-01,himachal pradesh,71,6916,670396.0186676787,27.0,2017.5442449883647
2022-09-01,jammu & kashmir,224,12752,1224681.2046775469,24.0,1576.2876538538405
2022-09-01,jharkhand,529,27941,3221416.4404675,60.0,3307.0992003770302
2022-09-01,karnataka,8109,113117,5966182.77647514,700.7272727272727,13629.361909855987
2022-09-01,kerala,3497,73428,3262235.892150398,192.0,6345.940514614067
2022-09-01,ladakh,0,219,,,166.54161199572252
2022-09-01,madhya pradesh,1959,64325,7092330.902808085,174.0,7903.062280472814
2022-09-01,maharashtra,11669,156285,10973792.017736595,660.0,19914.2431886956
2022-09-01,manipur,1,3293,278900.368436255,16.0,281.21347023382725
2022-09-01,meghalaya,3,2766,289739.9835960674,19.0,513.0338183921039
2022-09-01,mizoram,4,1947,107126.64711994807,,159.1142733669772
2022-09-01,nagaland,0,1369,193257.6432546739,6.0,196.33064607978423
2022-09-01,odisha,2237,42080,4098936.997459162,117.0,6376.377242665992
2022-09-01,puducherry,116,4630,121872.42990491811,4.0,662.6719311624338
2022-09-01,punjab,594,36375,2709220.210618705,126.0,6570.017866766851
2022-09-01,rajasthan,4827,66464,6693999.459232636,254.0,10482.222547576743
2022-09-01,sikkim,0,1024,59666.710474282845,1.0,139.63597825792203
2022-09-01,tamil nadu,5330,143024,7045456.8913061945,439.9090909090909,13730.0707528011
2022-09-01,tripura,17,4307,358781.4963707286,18.0,242.7812091269509
2022-09-01,uttar pradesh,1810,120070,19512479.13794993,406.0,19068.08727750024
2022-09-01,uttarakhand,415,12391,984940.1666834973,48.0,1683.784436253674
2022-09-01,west bengal,850,75728,8913483.903847203,189.0,8778.994560564553
2022-10-01,andaman & nicobar islands,0,553,37224.77563691212,3.0,206.50231874676203
2022-10-01,andhra pradesh,2625,82449,8263802.488571296,222.0,7816.755277662969
2022-10-01,arunachal pradesh,0,1591,135220.70730048916,9.0,326.00576181303734
2022-10-01,assam,205,45562,3048914.3005918106,48.0,3020.9823642797905
2022-10-01,bihar,1396,96783,10170766.191671692,83.0,5476.757545571088
2022-10-01,chandigarh,134,5525,103076.4784696648,6.0,394.21603503894613
2022-10-01,chhattisgarh,2522,65316,2495818.618490604,46.0,3902.544655289
2022-10-01,dnh and dd,7,1051,57351.55721487511,1.0,529.5570232457469
2022-10-01,delhi,4332,69315,1640234.9957807893,1251.3636363636365,3905.176817616236
2022-10-01,goa,744,8471,142548.4190400388,44.0,733.8030353924875
2022-10-01,gujarat,6824,146996,5905158.633845062,183.63636363636363,25030.385801336775
2022-10-01,haryana,1352,60396,2476864.270790969,231.0909090909091,9950.367400161285
2022-10-01,himachal pradesh,81,8995,670729.881226776,27.0,2036.2393192462328
2022-10-01,jammu & kashmir,266,13740,1225291.1056758922,24.0,1591.5521579540616
2022-10-01,jharkhand,971,56281,3223020.731523509,60.0,3319.362736678382
2022-10-01,karnataka,10269,143106,5969153.983037129,701.2727272727273,13859.37239352557
2022-10-01,kerala,4048,60878,3263860.5116186,192.0,6434.792597333176
2022-10-01,ladakh,0,291,,,168.07368421382566
2022-10-01,madhya pradesh,3679,159262,7095862.94011028,174.0,7976.888832672042
2022-10-01,maharashtra,17173,241431,10979257.053602,660.0,20086.989677399117
2022-10-01,manipur,4,3128,279039.26304204995,16.0,286.6559396400591
2022-10-01,meghalaya,6,2746,289884.2764165834,19.0,521.1134649106393
2022-10-01,mizoram,3,2000,107179.9970438126,,161.73877739937666
2022-10-01,nagaland,0,1064,193353.88710091627,6.0,197.44580576837834
2022-10-01,odisha,3738,79009,4100978.300744749,117.0,6420.764005903547
2022-10-01,puducherry,184,4318,121933.12334610584,4.0,688.9247244589851
2022-10-01,punjab,710,47817,2710569.4238710054,126.0,6568.30933559623
2022-10-01,rajasthan,9659,156263,6697333.124301975,254.0,10530.20939517245
2022-10-01,sikkim,0,711,59696.424971530985,1.0,141.63145182663987
2022-10-01,tamil nadu,5714,129932,7048965.584977163,440.09090909090907,13862.549045889904
2022-10-01,tripura,13,3847,358960.17241473787,18.0,243.8683987061354
2022-10-01,uttar pradesh,3024,300687,19522196.508038547,406.0,19123.4889902499
2022-10-01,uttarakhand,847,24695,985430.6747346343,48.0,1696.7170268815717
2022-10-01,west bengal,632,57159,8917922.889855096,189.0,8798.592745395017
2022-11-01,andaman & nicobar islands,7,564,37243.30464419779,3.0,209.28754487566164
2022-11-01,andhra pradesh,2837,75967,8267915.87955615,222.0,7860.78876840701
2022-11-01,arunachal pradesh,0,2222,135288.01477052423,9.0,329.9858035551329
2022-11-01,assam,186,40218,3050431.9284168934,48.0,3037.29609182219
2022-11-01,bihar,1259,117054,10175828.793061277,83.0,5495.739453705333
2022-11-01,chandigarh,224,4006,103127.78582579704,6.0,398.3322480185666
2022-11-01,chhattisgarh,2758,46421,2497060.937364915,46.0,3953.272381174034
2022-11-01,dnh and dd,16,1745,57380.10453056194,1.0,530.800905771602
2022-11-01,delhi,4352,57638,1641051.43928292,1370.090909090909,3988.535587720032
2022-11-01,goa,613,7082,142619.37395245294,44.0,742.7466274407035
2022-11-01,gujarat,8696,202040,5908097.986076941,185.9090909090909,25165.332542075244
2022-11-01,haryana,1502,79671,2478097.1549476595,231.27272727272728,9851.042623230776
2022-11-01,himachal pradesh,136,14316,671063.7437858734,27.0,2054.934393504101
2022-11-01,jammu & kashmir,194,8758,1225901.0066742375,24.0,1606.8166620542825
2022-11-01,jharkhand,968,44905,3224625.0225795186,60.0,3331.626272979734
2022-11-01,karnataka,10415,133313,5972125.189599117,701.8181818181819,14089.382877195156
2022-11-01,kerala,4023,55828,3265485.131086802,192.0,6523.6446800522845
2022-11-01,ladakh,0,267,,,169.60575643192877
2022-11-01,madhya pradesh,3480,140860,7099394.977412475,174.0,8050.71538487127
2022-11-01,maharashtra,14862,240203,10984722.089467408,660.0,20259.736166102633
2022-11-01,manipur,2,7098,279178.15764784487,16.0,292.098409046291
2022-11-01,meghalaya,3,2596,290028.5692370993,19.0,529.1931114291748
2022-11-01,mizoram,8,1920,107233.34696767712,,164.36328143177613
2022-11-01,nagaland,0,1171,193450.1309471586,6.0,198.56096545697247
2022-11-01,odisha,3050,44426,4103019.604030336,117.0,6465.1507691411025
2022-11-01,puducherry,162,3784,121993.81678729354,4.0,715.1775177555364
2022-11-01,punjab,1042,55748,2711918.6371233054,126.0,6566.600804425609
2022-11-01,rajasthan,7419,173715,6700666.7893713135,254.0,10578.196242768157
2022-11-01,sikkim,0,842,59726.13946877913,1.0,143.6269253953577
2022-11-01,tamil nadu,7569,140289,7052474.278648132,440.27272727272725,13995.027338978707
2022-11-01,tripura,12,3837,359138.84845874715,18.0,244.95558828531992
2022-11-01,uttar pradesh,2757,311055,19531913.878127165,406.0,19178.890702999564
2022-11-01,uttarakhand,870,30236,985921.1827857714,48.0,1709.6496175094694
2022-11-01,west bengal,1330,110981,8922361.875862986,189.0,8818.190930225479
2022-12-01,andaman & nicobar islands,13,626,37261.83365148346,3.0,212.07277100456128
2022-12-01,andhra pradesh,2838,54096,8272029.270541005,222.0,7904.822259151051
2022-12-01,arunachal pradesh,1,1790,135355.32224055936,9.0,333.9658452972285
2022-12-01,assam,254,43178,3051949.556241977,48.0,3053.6098193645903
2022-12-01,bihar,992,65184,10180891.394450858,83.0,5514.721361839578
2022-12-01,chandigarh,169,3715,103179.0931819293,6.0,402.44846099818704
2022-12-01,chhattisgarh,1923,30246,2498303.256239226,46.0,4004.000107059068
2022-12-01,dnh and dd,21,1477,57408.6518462488,1.0,532.044788297457
2022-12-01,delhi,4617,37265,1641867.8827850511,1488.818181818182,4071.8943578238277
2022-12-01,goa,558,6727,142690.3288648671,44.0,751.6902194889195
2022-12-01,gujarat,8166,134752,5911037.338308821,188.1818181818182,25300.27928281371
2022-12-01,haryana,1062,55794,2479330.03910435,231.45454545454547,9751.71784630027
2022-12-01,himachal pradesh,107,10777,671397.6063449711,27.0,2073.6294677619694
2022-12-01,jammu & kashmir,154,9247,1226510.9076725831,24.0,1622.0811661545035
2022-12-01,jharkhand,675,31109,3226229.313635529,60.0,3343.889809281086
2022-12-01,karnataka,8188,97252,5975096.396161109,702.3636363636364,14319.39336086474
2022-12-01,kerala,4410,57046,3267109.750555005,192.0,6612.496762771392
2022-12-01,ladakh,0,160,,,171.1378286500319
2022-12-01,madhya pradesh,2363,76104,7102927.014714671,174.0,8124.5419370704985
2022-12-01,maharashtra,13963,168956,10990187.125332816,660.0,20432.48265480615
2022-12-01,manipur,63,5628,279317.05225363985,16.0,297.54087845252286
2022-12-01,meghalaya,1,2330,290172.86205761536,19.0,537.2727579477103
2022-12-01,mizoram,11,2237,107286.69689154164,,166.9877854641756
2022-12-01,nagaland,0,859,193546.37479340105,6.0,199.67612514556657
2022-12-01,odisha,2421,44833,4105060.907315924,117.0,6509.537532378658
2022-12-01,puducherry,181,3086,122054.51022848127,4.0,741.4303110520877
2022-12-01,punjab,636,49077,2713267.8503756057,126.0,6564.892273254987
2022-12-01,rajasthan,5170,69742,6704000.454440653,254.0,10626.183090363864
2022-12-01,sikkim,0,562,59755.853966027295,1.0,145.62239896407553
2022-12-01,tamil nadu,5397,98049,7055982.972319102,440.45454545454544,14127.505632067512
2022-12-01,tripura,57,3778,359317.52450275654,18.0,246.04277786450442
2022-12-01,uttar pradesh,2347,161977,19541631.248215787,406.0,19234.292415749227
2022-12-01,uttarakhand,605,14508,986411.6908369088,48.0,1722.5822081373672
2022-12-01,west bengal,1112,77065,8926800.86187088,189.0,8837.789115055943
2023-01-01,andaman & nicobar islands,0,526,37357.55425839038,3.0,214.8579971334609
2023-01-01,andhra pradesh,2801,60312,8293278.994039152,222.0,7948.855749895092
2023-01-01,arunachal pradesh,0,1684,135703.03174176454,9.0,337.945887039324
2023-01-01,assam,147,49137,3059789.601541549,48.0,3069.9235469069904
2023-01-01,bihar,1006,70594,10207044.726362675,83.0,5533.703269973823
2023-01-01,chandigarh,222,4477,103444.1463060416,6.0,406.5646739778075
2023-01-01,chhattisgarh,1979,39880,2504721.0591353867,46.0,4054.727832944102
2023-01-01,dnh and dd,10,1058,57556.126902034535,1.0,533.2886708233119
2023-01-01,delhi,3616,53966,1646085.619133485,1607.5454545454545,4155.253127927624
2023-01-01,goa,706,6345,143056.88100522722,44.0,760.6338115371356
2023-01-01,gujarat,6085,96756,5926221.9931157855,190.45454545454547,25435.226023552175
2023-01-01,haryana,847,55154,2485699.102373897,231.63636363636363,9652.393069369762
2023-01-01,himachal pradesh,83,8613,673122.3359156168,27.0,2092.3245420198373
2023-01-01,jammu & kashmir,119,8179,1229661.6481744722,24.0,1637.3456702547244
2023-01-01,jharkhand,696,32283,3234517.0600414234,60.0,3356.153345582438
2023-01-01,karnataka,10556,120909,5990445.610016695,702.9090909090909,14549.403844534325
2023-01-01,kerala,5011,60377,3275502.513269788,192.0,6701.348845490501
2023-01-01,ladakh,1,112,,,172.66990086813504
2023-01-01,madhya pradesh,2512,98257,7121173.472766715,174.0,8198.368489269727
2023-01-01,maharashtra,14629,192628,11018419.428431394,660.0,20605.229143509663
2023-01-01,manipur,10,4050,280034.5799526587,16.0,302.9833478587547
2023-01-01,meghalaya,5,2643,290918.27686258336,19.0,545.3524044662457
2023-01-01,mizoram,10,2075,107562.3018935807,,169.6122894965751
2023-01-01,nagaland,0,977,194043.56923190173,6.0,200.79128483416068
2023-01-01,odisha,2584,54251,4115606.253127764,117.0,6553.924295616214
2023-01-01,puducherry,200,5399,122368.05174401886,4.0,767.6831043486391
2023-01-01,punjab,590,44725,2720237.8682166,126.0,6563.183742084366
2023-01-01,rajasthan,4779,80983,6721222.124157859,254.0,10674.16993795957
2023-01-01,sikkim,0,890,59909.358666342574,1.0,147.61787253279337
2023-01-01,tamil nadu,5707,160199,7074108.837480554,440.6363636363636,14259.983925156315
2023-01-01,tripura,8,3165,360240.56258615816,18.0,247.12996744368894
2023-01-01,uttar pradesh,1978,213160,19591831.053746723,406.0,19289.69412849889
2023-01-01,uttarakhand,463,17902,988945.6489504604,48.0,1735.5147987652647
2023-01-01,west bengal,756,61572,8949732.604957586,189.0,8857.387299886406
2023-02-01,andaman & nicobar islands,0,494,37376.23303551957,3.0,217.64322326236052
2023-02-01,andhra pradesh,3023,58438,8297425.633536171,222.0,7992.889240639134
2023-02-01,arunachal pradesh,0,1656,135770.8832576354,9.0,341.9259287814196
2023-02-01,assam,203,43824,3061319.49634232,48.0,3086.23727444939
2023-02-01,bihar,957,84043,10212148.248725858,83.0,5552.685178108069
2023-02-01,chandigarh,275,3016,103495.86837919464,6.0,410.680886957428
2023-02-01,chhattisgarh,1947,35000,2505973.4196649543,46.0,4105.455558829136
2023-02-01,dnh and dd,19,1188,57584.90496548555,1.0,534.532553349167
2023-02-01,delhi,3310,44219,1646908.6619430515,1726.2727272727273,4238.6118980314195
2023-02-01,goa,711,5679,143128.40944572983,44.0,769.5774035853516
2023-02-01,gujarat,7028,114280,5929185.104112344,192.72727272727272,25570.172764290644
2023-02-01,haryana,877,50935,2486941.951925084,231.8181818181818,9553.068292439253
2023-02-01,himachal pradesh,86,8736,673458.8970835747,27.0,2111.0196162777056
2023-02-01,jammu & kashmir,155,9317,1230276.4789985593,24.0,1652.6101743549452
2023-02-01,jharkhand,685,35867,3236134.318571444,60.0,3368.4168818837898
2023-02-01,karnataka,10882,110160,5993440.832821703,703.4545454545455,14779.41432820391
2023-02-01,kerala,6220,54588,3277140.2645264226,192.0,6790.20092820961
2023-02-01,ladakh,0,54,,,174.20197308623816
2023-02-01,madhya pradesh,2502,92445,7124734.059503097,174.0,8272.195041468955
2023-02-01,maharashtra,13082,160235,11023928.638145609,660.0,20777.97563221318
2023-02-01,manipur,19,3746,280174.597242635,16.0,308.4258172649866
2023-02-01,meghalaya,2,2194,291063.73600101465,19.0,553.4320509847812
2023-02-01,mizoram,9,1992,107616.08304452748,,172.23679352897457
2023-02-01,nagaland,0,1181,194140.5910165177,6.0,201.9064445227548
2023-02-01,odisha,2612,54772,4117664.056254328,117.0,6598.311058853769
2023-02-01,puducherry,180,4057,122429.23576989086,4.0,793.9358976451903
2023-02-01,punjab,627,46320,2721597.987150708,126.0,6561.475210913745
2023-02-01,rajasthan,4955,78026,6724582.735219938,254.0,10722.156785555278
2023-02-01,sikkim,0,688,59939.31334567574,1.0,149.61334610151118
2023-02-01,tamil nadu,7008,137113,7077645.891899294,440.8181818181818,14392.46221824512
2023-02-01,tripura,20,3188,360420.6828674512,18.0,248.21715702287344
2023-02-01,uttar pradesh,2028,223276,19601626.9692736,406.0,19345.095841248552
2023-02-01,uttarakhand,449,15064,989440.1217749356,48.0,1748.4473893931624
2023-02-01,west bengal,956,75242,8954207.471260063,189.0,8876.985484716868
2023-03-01,andaman & nicobar islands,2,535,37394.91181264876,3.0,220.42844939126016
2023-03-01,andhra pradesh,3688,62062,8301572.27303319,222.0,8036.922731383175
2023-03-01,arunachal pradesh,0,2179,135838.73477350626,9.0,345.9059705235152
2023-03-01,assam,241,49899,3062849.39114309,48.0,3102.55100199179
2023-03-01,bihar,1349,98656,10217251.77108904,83.0,5571.667086242313
2023-03-01,chandigarh,493,3252,103547.59045234763,6.0,414.7970999370485
2023-03-01,chhattisgarh,2283,38481,2507225.780194522,46.0,4156.1832847141695
2023-03-01,dnh and dd,7,1387,57613.68302893656,1.0,535.776435875022
2023-03-01,delhi,5326,49034,1647731.7047526182,1845.0,4321.970668135215
2023-03-01,goa,949,7503,143199.93788623245,44.0,778.5209956335676
2023-03-01,gujarat,8288,118499,5932148.215108901,195.0,25705.11950502911
2023-03-01,haryana,1191,54718,2488184.801476271,232.0,9453.743515508746
2023-03-01,himachal pradesh,98,8117,673795.4582515324,27.0,2129.714690535574
2023-03-01,jammu & kashmir,215,13177,1230891.3098226464,24.0,1667.8746784551663
2023-03-01,jharkhand,849,43671,3237751.5771014644,60.0,3380.6804181851417
2023-03-01,karnataka,14118,133122,5996436.055626711,704.0,15009.424811873494
2023-03-01,kerala,7880,75432,3278778.015783057,192.0,6879.053010928718
2023-03-01,ladakh,0,89,,,175.7340453043413
2023-03-01,madhya pradesh,3372,115398,7128294.646239481,174.0,8346.021593668183
2023-03-01,maharashtra,18466,197486,11029437.847859824,660.0,20950.722120916696
2023-03-01,manipur,3,4305,280314.61453261133,16.0,313.86828667121847
2023-03-01,meghalaya,1,3276,291209.19513944595,19.0,561.5116975033167
2023-03-01,mizoram,10,2048,107669.86419547428,,174.86129756137404
2023-03-01,nagaland,0,1513,194237.61280113363,6.0,203.02160421134892
2023-03-01,odisha,3343,59000,4119721.859380891,117.0,6642.697822091325
2023-03-01,puducherry,265,4607,122490.41979576286,4.0,820.1886909417416
2023-03-01,punjab,818,49236,2722958.106084816,126.0,6559.766679743124
2023-03-01,rajasthan,6800,103694,6727943.3462820165,254.0,10770.143633150985
2023-03-01,sikkim,0,959,59969.26802500891,1.0,151.60881967022902
2023-03-01,tamil nadu,8959,141507,7081182.946318034,441.0,14524.940511333923
2023-03-01,tripura,32,3345,360600.8031487443,18.0,249.30434660205796
2023-03-01,uttar pradesh,3990,240501,19611422.884800468,406.0,19400.497553998215
2023-03-01,uttarakhand,635,17673,989934.5945994108,48.0,1761.3799800210602
2023-03-01,west bengal,1455,82645,8958682.337562542,189.0,8896.583669547332
2023-04-01,andaman & nicobar islands,1,447,37413.59058977797,3.0,220.42844939126016
2023-04-01,andhra pradesh,3740,55275,8305718.912530211,230.75,8036.922731383175
2023-04-01,arunachal pradesh,1,1863,135906.58628937718,9.0,345.9059705235152
2023-04-01,assam,198,42069,3064379.2859438616,51.16666666666666,3102.55100199179
2023-04-01,bihar,1011,90159,10222355.293452224,86.41666666666667,5571.667086242313
2023-04-01,chandigarh,188,4567,103599.31252550067,6.5,414.7970999370485
2023-04-01,chhattisgarh,1652,33171,2508478.14072409,54.583333333333336,4156.1832847141695
2023-04-01,dnh and dd,6,1073,57642.4610923876,1.0,535.776435875022
2023-04-01,delhi,3289,43451,1648554.7475621854,1848.4166666666667,4321.970668135215
2023-04-01,goa,755,5242,143271.4663267351,49.75,778.5209956335676
2023-04-01,gujarat,8803,118233,5935111.3261054605,218.41666666666663,25705.11950502911
2023-04-01,haryana,1165,56082,2489427.651027458,244.0833333333333,9453.743515508746
2023-04-01,himachal pradesh,105,8727,674132.0194194904,28.416666666666668,2129.714690535574
2023-04-01,jammu & kashmir,216,10027,1231506.1406467338,25.916666666666668,1667.8746784551663
2023-04-01,jharkhand,721,40634,3239368.8356314856,66.25,3380.6804181851417
2023-04-01,karnataka,10473,113859,5999431.278431721,1072.8333333333333,15009.424811873494
2023-04-01,kerala,5296,42074,3280415.767039693,255.8333333333333,6879.053010928718
2023-04-01,ladakh,0,262,,,175.7340453043413
2023-04-01,madhya pradesh,2053,75771,7131855.232975866,187.91666666666663,8346.021593668183
2023-04-01,maharashtra,13399,166313,11034947.05757404,861.9166666666666,20950.722120916696
2023-04-01,manipur,15,4367,280454.6318225877,16.083333333333332,313.86828667121847
2023-04-01,meghalaya,5,2595,291354.6542778773,19.166666666666668,561.5116975033167
2023-04-01,mizoram,8,1901,107723.6453464211,,174.86129756137404
2023-04-01,nagaland,1,1247,194334.6345857496,6.0,203.02160421134892
2023-04-01,odisha,2932,49271,4121779.662507456,123.75,6642.697822091325
2023-04-01,puducherry,162,3811,122551.60382163488,5.583333333333333,820.1886909417416
2023-04-01,punjab,398,38003,2724318.225018924,128.66666666666666,6559.766679743124
2023-04-01,rajasthan,4205,82376,6731303.957344096,274.5,10770.143633150985
2023-04-01,sikkim,0,904,59999.22270434209,1.0833333333333333,151.60881967022902
2023-04-01,tamil nadu,6908,113460,7084720.000736776,457.8333333333333,14524.940511333923
2023-04-01,tripura,20,2749,360780.9234300374,18.0,249.30434660205796
2023-04-01,uttar pradesh,3451,227711,19621218.800327346,420.75,19400.497553998215
2023-04-01,uttarakhand,571,17467,990429.0674238862,50.333333333333336,1761.3799800210602
2023-04-01,west bengal,1070,62193,8963157.203865021,199.75,8896.583669547332
2023-05-01,andaman & nicobar islands,0,586,37432.26936690716,3.0,220.42844939126016
2023-05-01,andhra pradesh,4586,62640,8309865.55202723,239.5,8036.922731383175
2023-05-01,arunachal pradesh,1,2325,135974.43780524805,9.0,345.9059705235152
2023-05-01,assam,312,42933,3065909.180744632,54.333333333333336,3102.55100199179
2023-05-01,bihar,1582,132330,10227458.815815404,89.83333333333333,5571.667086242313
2023-05-01,chandigarh,292,4912,103651.0345986537,7.0,414.7970999370485
2023-05-01,chhattisgarh,2699,33017,2509730.501253657,63.16666666666667,4156.1832847141695
2023-05-01,dnh and dd,8,1245,57671.23915583861,1.0,535.776435875022
2023-05-01,delhi,5764,48891,1649377.790371752,1851.8333333333333,4321.970668135215
2023-05-01,goa,948,5811,143342.99476723766,55.5,778.5209956335676
2023-05-01,gujarat,10319,112939,5938074.437102018,241.8333333333333,25705.11950502911
2023-05-01,haryana,1264,55617,2490670.500578645,256.1666666666667,9453.743515508746
2023-05-01,himachal pradesh,139,8843,674468.5805874481,29.83333333333333,2129.714690535574
2023-05-01,jammu & kashmir,272,14179,1232120.9714708212,27.83333333333333,1667.8746784551663
2023-05-01,jharkhand,876,46551,3240986.0941615063,72.5,3380.6804181851417
2023-05-01,karnataka,18291,119675,6002426.501236728,1441.6666666666663,15009.424811873494
2023-05-01,kerala,8340,56166,3282053.5182963274,319.6666666666667,6879.053010928718
2023-05-01,ladakh,14,525,,,175.7340453043413
2023-05-01,madhya pradesh,4076,109555,7135415.819712248,201.8333333333333,8346.021593668183
2023-05-01,maharashtra,21722,161859,11040456.267288256,1063.8333333333333,20950.722120916696
2023-05-01,manipur,14,691,280594.649112564,16.166666666666668,313.86828667121847
2023-05-01,meghalaya,9,3033,291500.11341630854,19.33333333333333,561.5116975033167
2023-05-01,mizoram,14,2008,107777.42649736788,,174.86129756137404
2023-05-01,nagaland,0,1406,194431.6563703656,6.0,203.02160421134892
2023-05-01,odisha,3832,50514,4123837.46563402,130.5,6642.697822091325
2023-05-01,puducherry,388,4679,122612.78784750689,7.166666666666666,820.1886909417416
2023-05-01,punjab,1244,43480,2725678.3439530325,131.33333333333334,6559.766679743124
2023-05-01,rajasthan,7316,95730,6734664.568406175,295.0,10770.143633150985
2023-05-01,sikkim,0,955,60029.177383675255,1.1666666666666667,151.60881967022902
2023-05-01,tamil nadu,10859,130114,7088257.055155516,474.6666666666667,14524.940511333923
2023-05-01,tripura,67,3741,360961.0437113305,18.0,249.30434660205796
2023-05-01,uttar pradesh,5176,334594,19631014.715854213,435.5,19400.497553998215
2023-05-01,uttarakhand,743,19454,990923.5402483612,52.66666666666666,1761.3799800210602
2023-05-01,west bengal,1830,86166,8967632.0701675,210.5,8896.583669547332
2023-06-01,andaman & nicobar islands,1,509,37450.94814403635,3.0,220.42844939126016
2023-06-01,andhra pradesh,1160,52229,8314012.191524249,248.25,8036.922731383175
2023-06-01,arunachal pradesh,0,2230,136042.28932111894,9.0,345.9059705235152
2023-06-01,assam,205,38606,3067439.0755454027,57.5,3102.55100199179
2023-06-01,bihar,572,97078,10232562.338178584,93.25,5571.667086242313
2023-06-01,chandigarh,212,5235,103702.75667180672,7.5,414.7970999370485
2023-06-01,chhattisgarh,1359,34028,2510982.861783225,71.75,4156.1832847141695
2023-06-01,dnh and dd,6,1135,57700.01721928962,1.0,535.776435875022
2023-06-01,delhi,2722,44002,1650200.8331813186,1855.25,4321.970668135215
2023-06-01,goa,606,5184,143414.52320774028,61.25,778.5209956335676
2023-06-01,gujarat,4717,105727,5941037.548098575,265.25,25705.11950502911
2023-06-01,haryana,671,54452,2491913.350129832,268.25,9453.743515508746
2023-06-01,himachal pradesh,78,8845,674805.1417554059,31.25,2129.714690535574
2023-06-01,jammu & kashmir,184,12352,1232735.8022949083,29.75,1667.8746784551663
2023-06-01,jharkhand,438,40735,3242603.3526915265,78.75,3380.6804181851417
2023-06-01,karnataka,8872,126428,6005421.724041737,1810.5,15009.424811873494
2023-06-01,kerala,4905,52414,3283691.269552962,383.5,6879.053010928718
2023-06-01,ladakh,2,512,,,175.7340453043413
2023-06-01,madhya pradesh,1778,89463,7138976.406448631,215.75,8346.021593668183
2023-06-01,maharashtra,9811,155878,11045965.477002472,1265.75,20950.722120916696
2023-06-01,manipur,4,490,280734.6664025403,16.25,313.86828667121847
2023-06-01,meghalaya,3,2919,291645.57255473983,19.5,561.5116975033167
2023-06-01,mizoram,4,2178,107831.20764831468,,174.86129756137404
2023-06-01,nagaland,0,1270,194528.6781549815,6.0,203.02160421134892
2023-06-01,odisha,2220,49075,4125895.268760584,137.25,6642.697822091325
2023-06-01,puducherry,148,4501,122673.97187337888,8.75,820.1886909417416
2023-06-01,punjab,610,40761,2727038.4628871405,134.0,6559.766679743124
2023-06-01,rajasthan,3641,84769,6738025.179468253,315.5,10770.143633150985
2023-06-01,sikkim,0,974,60059.13206300843,1.25,151.60881967022902
2023-06-01,tamil nadu,5292,144427,7091794.109574256,491.5,14524.940511333923
2023-06-01,tripura,10,3084,361141.1639926235,18.0,249.30434660205796
2023-06-01,uttar pradesh,2325,249811,19640810.631381087,450.25,19400.497553998215
2023-06-01,uttarakhand,366,17767,991418.0130728364,55.0,1761.3799800210602
2023-06-01,west bengal,709,73325,8972106.93646998,221.25,8896.583669547332
2023-07-01,andaman & nicobar islands,3,587,37469.626921165545,3.0,220.42844939126016
2023-07-01,andhra pradesh,1518,57697,8318158.831021268,257.0,8036.922731383175
2023-07-01,arunachal pradesh,2,2384,136110.14083698983,9.0,345.9059705235152
2023-07-01,assam,191,39455,3068968.9703461733,60.66666666666666,3102.55100199179
2023-07-01,bihar,672,74772,10237665.860541765,96.66666666666669,5571.667086242313
2023-07-01,chandigarh,205,4139,103754.47874495972,8.0,414.7970999370485
2023-07-01,chhattisgarh,1678,32099,2512235.222312793,80.33333333333334,4156.1832847141695
2023-07-01,dnh and dd,9,1247,57728.79528274063,1.0,535.776435875022
2023-07-01,delhi,2899,46554,1651023.8759908853,1858.6666666666667,4321.970668135215
2023-07-01,goa,601,4616,143486.0516482429,67.0,778.5209956335676
2023-07-01,gujarat,5992,126149,5944000.659095133,288.6666666666667,25705.11950502911
2023-07-01,haryana,244,27438,2493156.1996810185,280.3333333333333,9453.743515508746
2023-07-01,himachal pradesh,52,9406,675141.7029233637,32.666666666666664,2129.714690535574
2023-07-01,jammu & kashmir,127,13039,1233350.6331189952,31.666666666666668,1667.8746784551663
2023-07-01,jharkhand,478,36380,3244220.6112215472,85.0,3380.6804181851417
2023-07-01,karnataka,10853,118190,6008416.946846745,2179.333333333333,15009.424811873494
2023-07-01,kerala,4808,48950,3285329.020809597,447.33333333333337,6879.053010928718
2023-07-01,ladakh,1,418,,,175.7340453043413
2023-07-01,madhya pradesh,2109,80748,7142536.993185014,229.66666666666663,8346.021593668183
2023-07-01,maharashtra,10925,163025,11051474.686716689,1467.6666666666663,20950.722120916696
2023-07-01,manipur,12,1572,280874.6836925166,16.333333333333332,313.86828667121847
2023-07-01,meghalaya,23,3060,291791.0316931711,19.666666666666668,561.5116975033167
2023-07-01,mizoram,6,2160,107884.98879926144,,174.86129756137404
2023-07-01,nagaland,2,1338,194625.69993959743,6.0,203.02160421134892
2023-07-01,odisha,2939,44139,4127953.071887146,144.0,6642.697822091325
2023-07-01,puducherry,196,4718,122735.1558992509,10.333333333333332,820.1886909417416
2023-07-01,punjab,537,44354,2728398.5818212484,136.66666666666666,6559.766679743124
2023-07-01,rajasthan,4168,90575,6741385.790530332,336.0,10770.143633150985
2023-07-01,sikkim,0,794,60089.08674234159,1.3333333333333333,151.60881967022902
2023-07-01,tamil nadu,6469,139875,7095331.163992995,508.3333333333333,14524.940511333923
2023-07-01,tripura,8,3520,361321.2842739166,18.0,249.30434660205796
2023-07-01,uttar pradesh,2746,188184,19650606.54690796,465.0,19400.497553998215
2023-07-01,uttarakhand,461,17432,991912.4858973116,57.333333333333336,1761.3799800210602
2023-07-01,west bengal,688,75478,8976581.802772457,232.0,8896.583669547332
2023-08-01,andaman & nicobar islands,3,660,37488.305698294746,3.0,220.42844939126016
2023-08-01,andhra pradesh,1672,63796,8322305.470518289,265.75,8036.922731383175
2023-08-01,arunachal pradesh,4,2413,136177.99235286072,9.0,345.9059705235152
2023-08-01,assam,174,39198,3070498.8651469448,63.83333333333333,3102.55100199179
2023-08-01,bihar,766,63680,10242769.382904949,100.08333333333331,5571.667086242313
2023-08-01,chandigarh,205,3726,103806.20081811276,8.5,414.7970999370485
2023-08-01,chhattisgarh,2195,32558,2513487.5828423607,88.91666666666667,4156.1832847141695
2023-08-01,dnh and dd,7,963,57757.57334619166,1.0,535.776435875022
2023-08-01,delhi,2556,48972,1651846.9188004525,1862.0833333333333,4321.970668135215
2023-08-01,goa,787,6275,143557.58008874554,72.75,778.5209956335676
2023-08-01,gujarat,6267,112706,5946963.770091692,312.08333333333337,25705.11950502911
2023-08-01,haryana,588,62516,2494399.049232206,292.4166666666667,9453.743515508746
2023-08-01,himachal pradesh,75,9320,675478.2640913215,34.083333333333336,2129.714690535574
2023-08-01,jammu & kashmir,113,13493,1233965.4639430828,33.583333333333336,1667.8746784551663
2023-08-01,jharkhand,507,31949,3245837.8697515684,91.25,3380.6804181851417
2023-08-01,karnataka,10916,129780,6011412.169651753,2548.1666666666665,15009.424811873494
2023-08-01,kerala,5534,67737,3286966.7720662323,511.1666666666667,6879.053010928718
2023-08-01,ladakh,0,341,,,175.7340453043413
2023-08-01,madhya pradesh,4019,85442,7146097.579921399,243.5833333333333,8346.021593668183
2023-08-01,maharashtra,13113,173547,11056983.896430906,1669.5833333333333,20950.722120916696
2023-08-01,manipur,14,1304,281014.700982493,16.416666666666668,313.86828667121847
2023-08-01,meghalaya,18,3275,291936.4908316024,19.83333333333333,561.5116975033167
2023-08-01,mizoram,4,2318,107938.76995020824,,174.86129756137404
2023-08-01,nagaland,0,1352,194722.7217242134,6.0,203.02160421134892
2023-08-01,odisha,2883,42315,4130010.875013712,150.75,6642.697822091325
2023-08-01,puducherry,211,5096,122796.33992512294,11.916666666666666,820.1886909417416
2023-08-01,punjab,717,46277,2729758.7007553577,139.33333333333334,6559.766679743124
2023-08-01,rajasthan,4709,90957,6744746.401592412,356.5,10770.143633150985
2023-08-01,sikkim,0,925,60119.04142167478,1.4166666666666663,151.60881967022902
2023-08-01,tamil nadu,6837,152534,7098868.218411736,525.1666666666666,14524.940511333923
2023-08-01,tripura,35,3620,361501.40455520974,18.0,249.30434660205796
2023-08-01,uttar pradesh,3192,176813,19660402.46243484,479.75,19400.497553998215
2023-08-01,uttarakhand,414,17073,992406.958721787,59.66666666666667,1761.3799800210602
2023-08-01,west bengal,689,73255,8981056.669074938,242.75,8896.583669547332
2023-09-01,andaman & nicobar islands,1,527,37506.984475423946,3.0,220.42844939126016
2023-09-01,andhra pradesh,1447,60058,8326452.1100153085,274.5,8036.922731383175
2023-09-01,arunachal pradesh,4,2277,136245.84386873158,9.0,345.9059705235152
2023-09-01,assam,280,41014,3072028.759947716,67.0,3102.55100199179
2023-09-01,bihar,960,70312,10247872.905268127,103.5,5571.667086242313
2023-09-01,chandigarh,188,3359,103857.9228912658,9.0,414.7970999370485
2023-09-01,chhattisgarh,2261,34718,2514739.9433719283,97.5,4156.1832847141695
2023-09-01,dnh and dd,18,1200,57786.35140964268,1.0,535.776435875022
2023-09-01,delhi,2382,47244,1652669.9616100187,1865.5,4321.970668135215
2023-09-01,goa,629,8340,143629.10852924813,78.5,778.5209956335676
2023-09-01,gujarat,7842,166669,5949926.881088249,335.5,25705.11950502911
2023-09-01,haryana,413,68504,2495641.8987833927,304.5,9453.743515508746
2023-09-01,himachal pradesh,77,9086,675814.8252592793,35.5,2129.714690535574
2023-09-01,jammu & kashmir,122,12802,1234580.29476717,35.5,1667.8746784551663
2023-09-01,jharkhand,546,35809,3247455.128281589,97.5,3380.6804181851417
2023-09-01,karnataka,11532,131165,6014407.392456762,2917.0,15009.424811873494
2023-09-01,kerala,5234,70434,3288604.523322867,575.0,6879.053010928718
2023-09-01,ladakh,0,251,,,175.7340453043413
2023-09-01,madhya pradesh,3400,85812,7149658.166657781,257.5,8346.021593668183
2023-09-01,maharashtra,13313,177619,11062493.10614512,1871.5,20950.722120916696
2023-09-01,manipur,0,665,281154.7182724693,16.5,313.86828667121847
2023-09-01,meghalaya,14,3130,292081.9499700337,20.0,561.5116975033167
2023-09-01,mizoram,6,1976,107992.55110115504,,174.86129756137404
2023-09-01,nagaland,1,1185,194819.74350882936,6.0,203.02160421134892
2023-09-01,odisha,3150,51984,4132068.678140275,157.5,6642.697822091325
2023-09-01,puducherry,146,4262,122857.52395099496,13.5,820.1886909417416
2023-09-01,punjab,759,48200,2731118.819689465,142.0,6559.766679743124
2023-09-01,rajasthan,4711,97412,6748107.012654491,377.0,10770.143633150985
2023-09-01,sikkim,0,1055,60148.99610100794,1.5,151.60881967022902
2023-09-01,tamil nadu,5721,138532,7102405.272830476,542.0,14524.940511333923
2023-09-01,tripura,20,3627,361681.5248365028,18.0,249.30434660205796
2023-09-01,uttar pradesh,3617,172154,19670198.37796171,494.5,19400.497553998215
2023-09-01,uttarakhand,292,16876,992901.4315462622,62.0,1761.3799800210602
2023-09-01,west bengal,707,67372,8985531.535377415,253.5,8896.583669547332
2023-10-01,andaman & nicobar islands,2,595,37525.66325255314,3.0,220.42844939126016
2023-10-01,andhra pradesh,1825,73897,8330598.749512327,283.25,8036.922731383175
2023-10-01,arunachal pradesh,2,2392,136313.69538460247,9.0,345.9059705235152
2023-10-01,assam,269,60853,3073558.654748486,70.16666666666666,3102.55100199179
2023-10-01,bihar,877,71156,10252976.427631311,106.91666666666666,5571.667086242313
2023-10-01,chandigarh,228,3686,103909.6449644188,9.5,414.7970999370485
2023-10-01,chhattisgarh,2274,43520,2515992.303901496,106.08333333333334,4156.1832847141695
2023-10-01,dnh and dd,16,1729,57815.12947309369,1.0,535.776435875022
2023-10-01,delhi,3130,52320,1653493.0044195857,1868.9166666666667,4321.970668135215
2023-10-01,goa,654,7471,143700.63696975075,84.25,778.5209956335676
2023-10-01,gujarat,9087,191779,5952889.992084807,358.9166666666667,25705.11950502911
2023-10-01,haryana,811,57639,2496884.74833458,316.58333333333337,9453.743515508746
2023-10-01,himachal pradesh,60,7546,676151.3864272371,36.91666666666667,2129.714690535574
2023-10-01,jammu & kashmir,147,11339,1235195.1255912574,37.41666666666667,1667.8746784551663
2023-10-01,jharkhand,532,38469,3249072.3868116094,103.75,3380.6804181851417
2023-10-01,karnataka,12291,134364,6017402.61526177,3285.833333333333,15009.424811873494
2023-10-01,kerala,5693,51363,3290242.2745795017,638.8333333333334,6879.053010928718
2023-10-01,ladakh,0,220,,,175.7340453043413
2023-10-01,madhya pradesh,3374,112682,7153218.753394165,271.41666666666663,8346.021593668183
2023-10-01,maharashtra,17120,214191,11068002.315859336,2073.4166666666665,20950.722120916696
2023-10-01,manipur,8,1307,281294.73556244565,16.583333333333332,313.86828667121847
2023-10-01,meghalaya,2,3130,292227.40910846496,20.166666666666668,561.5116975033167
2023-10-01,mizoram,36,2411,108046.3322521018,,174.86129756137404
2023-10-01,nagaland,0,1214,194916.7652934453,6.0,203.02160421134892
2023-10-01,odisha,4102,80096,4134126.481266839,164.25,6642.697822091325
2023-10-01,puducherry,204,4755,122918.70797686694,15.083333333333332,820.1886909417416
2023-10-01,punjab,854,45424,2732478.9386235736,144.66666666666666,6559.766679743124
2023-10-01,rajasthan,5370,122598,6751467.623716569,397.5,10770.143633150985
2023-10-01,sikkim,0,787,60178.95078034111,1.5833333333333333,151.60881967022902
2023-10-01,tamil nadu,7063,160000,7105942.327249217,558.8333333333334,14524.940511333923
2023-10-01,tripura,9,4782,361861.6451177959,18.0,249.30434660205796
2023-10-01,uttar pradesh,4287,196767,19679994.29348858,509.25,19400.497553998215
2023-10-01,uttarakhand,417,18452,993395.9043707371,64.33333333333334,1761.3799800210602
2023-10-01,west bengal,1089,75461,8990006.401679894,264.25,8896.583669547332
2023-11-01,andaman & nicobar islands,4,768,37544.34202968232,3.0,220.42844939126016
2023-11-01,andhra pradesh,2095,87466,8334745.389009346,292.0,8036.922731383175
2023-11-01,arunachal pradesh,3,2684,136381.54690047336,9.0,345.9059705235152
2023-11-01,assam,270,49286,3075088.5495492565,73.33333333333333,3102.55100199179
2023-11-01,bihar,1815,158903,10258079.94999449,110.33333333333331,5571.667086242313
2023-11-01,chandigarh,329,4235,103961.36703757182,10.0,414.7970999370485
2023-11-01,chhattisgarh,3979,82153,2517244.6644310635,114.66666666666669,4156.1832847141695
2023-11-01,dnh and dd,18,1775,57843.90753654471,1.0,535.776435875022
2023-11-01,delhi,4514,75411,1654316.0472291524,1872.3333333333333,4321.970668135215
2023-11-01,goa,1074,8738,143772.16541025334,90.0,778.5209956335676
2023-11-01,gujarat,6016,185157,5955853.103081364,382.33333333333337,25705.11950502911
2023-11-01,haryana,780,64366,2498127.597885766,328.6666666666667,9453.743515508746
2023-11-01,himachal pradesh,68,10373,676487.9475951949,38.333333333333336,2129.714690535574
2023-11-01,jammu & kashmir,190,13724,1235809.9564153445,39.333333333333336,1667.8746784551663
2023-11-01,jharkhand,865,70380,3250689.64534163,110.0,3380.6804181851417
2023-11-01,karnataka,15122,162767,6020397.838066778,3654.6666666666665,15009.424811873494
2023-11-01,kerala,5993,49373,3291880.0258361367,702.6666666666667,6879.053010928718
2023-11-01,ladakh,0,205,,,175.7340453043413
2023-11-01,madhya pradesh,4998,221698,7156779.340130548,285.3333333333333,8346.021593668183
2023-11-01,maharashtra,20323,278899,11073511.52557355,2275.333333333333,20950.722120916696
2023-11-01,manipur,12,1058,281434.7528524219,16.666666666666668,313.86828667121847
2023-11-01,meghalaya,8,3280,292372.86824689625,20.33333333333333,561.5116975033167
2023-11-01,mizoram,35,2508,108100.1134030486,,174.86129756137404
2023-11-01,nagaland,2,1494,195013.78707806123,6.0,203.02160421134892
2023-11-01,odisha,4522,70528,4136184.284393402,171.0,6642.697822091325
2023-11-01,puducherry,205,4671,122979.89200273894,16.666666666666664,820.1886909417416
2023-11-01,punjab,1312,61686,2733839.0575576816,147.33333333333334,6559.766679743124
2023-11-01,rajasthan,8282,216108,6754828.234778648,418.0,10770.143633150985
2023-11-01,sikkim,0,873,60208.905459674286,1.6666666666666663,151.60881967022902
2023-11-01,tamil nadu,7695,140941,7109479.381667957,575.6666666666666,14524.940511333923
2023-11-01,tripura,13,5550,362041.7653990889,18.0,249.30434660205796
2023-11-01,uttar pradesh,5773,430675,19689790.20901545,524.0,19400.497553998215
2023-11-01,uttarakhand,673,29920,993890.3771952124,66.66666666666667,1761.3799800210602
2023-11-01,west bengal,1297,106983,8994481.267982373,275.0,8896.583669547332
2023-12-01,andaman & nicobar islands,9,605,37563.02080681152,3.0,220.42844939126016
2023-12-01,andhra pradesh,2502,68023,8338892.028506367,300.75,8036.922731383175
2023-12-01,arunachal pradesh,4,2514,136449.39841634422,9.0,345.9059705235152
2023-12-01,assam,234,46601,3076618.444350028,76.5,3102.55100199179
2023-12-01,bihar,1413,95852,10263183.472357674,113.75,5571.667086242313
2023-12-01,chandigarh,267,2658,104013.08911072485,10.5,414.7970999370485
2023-12-01,chhattisgarh,1958,35348,2518497.0249606315,123.25,4156.1832847141695
2023-12-01,dnh and dd,18,1935,57872.68559999573,1.0,535.776435875022
2023-12-01,delhi,6191,43664,1655139.0900387191,1875.75,4321.970668135215
2023-12-01,goa,870,6158,143843.69385075598,95.75,778.5209956335676
2023-12-01,gujarat,4628,111871,5958816.214077923,405.75,25705.11950502911
2023-12-01,haryana,1237,84272,2499370.447436954,340.75,9453.743515508746
2023-12-01,himachal pradesh,118,15698,676824.5087631529,39.75,2129.714690535574
2023-12-01,jammu & kashmir,111,8192,1236424.787239432,41.25,1667.8746784551663
2023-12-01,jharkhand,659,37048,3252306.903871652,116.25,3380.6804181851417
2023-12-01,karnataka,11392,114855,6023393.060871787,4023.5,15009.424811873494
2023-12-01,kerala,5602,49523,3293517.777092772,766.5,6879.053010928718
2023-12-01,ladakh,0,151,,,175.7340453043413
2023-12-01,madhya pradesh,3493,97753,7160339.926866932,299.25,8346.021593668183
2023-12-01,maharashtra,15620,206337,11079020.735287769,2477.25,20950.722120916696
2023-12-01,manipur,8,1182,281574.7701423983,16.75,313.86828667121847
2023-12-01,meghalaya,2,2578,292518.3273853276,20.5,561.5116975033167
2023-12-01,mizoram,24,2542,108153.8945539954,,174.86129756137404
2023-12-01,nagaland,0,983,195110.8088626772,6.0,203.02160421134892
2023-12-01,odisha,4569,55682,4138242.087519967,177.75,6642.697822091325
2023-12-01,puducherry,236,3696,123041.07602861096,18.25,820.1886909417416
2023-12-01,punjab,1067,59155,2735199.1764917905,150.0,6559.766679743124
2023-12-01,rajasthan,5024,112561,6758188.845840728,438.5,10770.143633150985
2023-12-01,sikkim,0,683,60238.86013900746,1.75,151.60881967022902
2023-12-01,tamil nadu,5923,101982,7113016.4360866975,592.5,14524.940511333923
2023-12-01,tripura,44,4152,362221.885680382,18.0,249.30434660205796
2023-12-01,uttar pradesh,5985,240980,19699586.12454233,538.75,19400.497553998215
2023-12-01,uttarakhand,692,24767,994384.850019688,69.0,1761.3799800210602
2023-12-01,west bengal,2785,98527,8998956.134284854,285.75,8896.583669547332
2024-01-01,andaman & nicobar,2,660,,,
2024-01-01,andhra pradesh,2257,62102,8369278.910455433,309.5,8036.922731383175
2024-01-01,arunachal pradesh,5,2169,136946.6193597891,9.0,345.9059705235152
2024-01-01,assam,274,51628,3087829.6269809096,79.66666666666666,3102.55100199179
2024-01-01,bihar,1346,78380,10300582.462958587,117.16666666666666,5571.667086242313
2024-01-01,chandigarh,219,3074,104392.11230099532,11.0,414.7970999370485
2024-01-01,chhattisgarh,2458,47827,2527674.415856801,131.83333333333334,4156.1832847141695
2024-01-01,dnh and dd,34,1393,58083.57338453483,1.0,535.776435875022
2024-01-01,delhi,4418,59933,1661170.4088237998,1879.1666666666667,4321.970668135215
2024-01-01,goa,918,7410,144367.85957076034,101.5,778.5209956335676
2024-01-01,gujarat,5918,125312,5980530.111348015,429.1666666666667,25705.11950502911
2024-01-01,haryana,1541,71600,2508478.141177756,352.83333333333337,9453.743515508746
2024-01-01,himachal pradesh,92,10846,679290.8539775666,41.16666666666667,2129.714690535574
2024-01-01,jammu & kashmir,229,9846,1240930.3131438694,43.16666666666667,1667.8746784551663
2024-01-01,jharkhand,580,35290,3264158.294393585,122.5,3380.6804181851417
2024-01-01,karnataka,13495,146690,6045342.275857165,4392.333333333333,15009.424811873494
2024-01-01,kerala,7191,42673,3305519.339836066,830.3333333333334,6879.053010928718
2024-01-01,ladakh,14,178,,,175.7340453043413
2024-01-01,madhya pradesh,3856,111426,7186432.170696099,313.16666666666663,8346.021593668183
2024-01-01,maharashtra,17656,222986,11119392.632902412,2679.1666666666665,20950.722120916696
2024-01-01,manipur,14,1989,282600.8272337845,16.833333333333332,313.86828667121847
2024-01-01,meghalaya,27,3054,293584.2627460219,20.666666666666668,561.5116975033167
2024-01-01,mizoram,29,2385,108548.0068191392,,174.86129756137404
2024-01-01,nagaland,0,1382,195821.7917001609,6.0,203.02160421134892
2024-01-01,odisha,4033,60985,4153321.821537419,184.5,6642.697822091325
2024-01-01,puducherry,320,6391,123489.43711056124,19.83333333333333,820.1886909417416
2024-01-01,punjab,926,48511,2745166.228972997,152.66666666666666,6559.766679743124
2024-01-01,rajasthan,4930,100609,6782815.653088744,459.0,10770.143633150985
2024-01-01,sikkim,0,931,60458.37025204562,1.8333333333333333,151.60881967022902
2024-01-01,tamil nadu,8206,182208,7138936.233345885,609.3333333333333,14524.940511333923
2024-01-01,tripura,5,3466,363541.8204681107,18.0,249.30434660205796
2024-01-01,uttar pradesh,6067,226001,19771371.32046112,553.5,19400.497553998215
2024-01-01,uttarakhand,431,17067,998008.383571411,71.33333333333334,1761.3799800210602
2024-01-01,west bengal,1820,82613,9031748.286621468,296.5,8896.583669547332
2024-02-01,andaman & nicobar islands,6,654,37718.75022186971,3.0,220.42844939126016
2024-02-01,andhra pradesh,2958,62725,8373463.54991066,318.25,8036.922731383175
2024-02-01,arunachal pradesh,4,2301,137015.09266946898,9.0,345.9059705235152
2024-02-01,assam,270,45906,3089373.5417944,82.83333333333333,3102.55100199179
2024-02-01,bihar,1372,90160,10305732.754190063,120.58333333333331,5571.667086242313
2024-02-01,chandigarh,210,2737,104444.3083571458,11.5,414.7970999370485
2024-02-01,chhattisgarh,2297,44235,2528938.2530647297,140.41666666666669,4156.1832847141695
2024-02-01,dnh and dd,29,1496,58112.615171227095,1.0,535.776435875022
2024-02-01,delhi,2960,48402,1662000.9940282116,1882.5833333333333,4321.970668135215
2024-02-01,goa,1089,6531,144440.0435005457,107.25,778.5209956335676
2024-02-01,gujarat,5613,114199,5983520.376403688,452.58333333333337,25705.11950502911
2024-02-01,haryana,1387,64121,2509732.380248344,364.9166666666667,9453.743515508746
2024-02-01,himachal pradesh,77,9510,679630.4994045554,42.583333333333336,2129.714690535574
2024-02-01,jammu & kashmir,257,9266,1241550.778300441,45.083333333333336,1667.8746784551663
2024-02-01,jharkhand,752,39134,3265790.373540782,128.75,3380.6804181851417
2024-02-01,karnataka,13528,133664,6048364.9469950935,4761.166666666666,15009.424811873494
2024-02-01,kerala,6073,50637,3307172.099505984,894.1666666666667,6879.053010928718
2024-02-01,ladakh,0,51,,,175.7340453043413
2024-02-01,madhya pradesh,4152,105684,7190025.386781447,327.0833333333333,8346.021593668183
2024-02-01,maharashtra,16420,183951,11124952.329218864,2881.083333333333,20950.722120916696
2024-02-01,manipur,10,2033,282742.12764740136,16.916666666666668,313.86828667121847
2024-02-01,meghalaya,15,3151,293731.0548773949,20.83333333333333,561.5116975033167
2024-02-01,mizoram,51,2640,108602.28082254875,,174.86129756137404
2024-02-01,nagaland,1,1585,195919.70259601096,6.0,203.02160421134892
2024-02-01,odisha,3936,63560,4155398.482448188,191.25,6642.697822091325
2024-02-01,puducherry,400,5733,123551.18182911653,21.416666666666664,820.1886909417416
2024-02-01,punjab,1128,48410,2746538.812087484,155.33333333333334,6559.766679743124
2024-02-01,rajasthan,5662,100301,6786207.0609152885,479.5,10770.143633150985
2024-02-01,sikkim,0,783,60488.59943717164,1.9166666666666663,151.60881967022902
2024-02-01,tamil nadu,9242,166701,7142505.701462557,626.1666666666666,14524.940511333923
2024-02-01,tripura,29,3872,363723.5913783447,18.0,249.30434660205796
2024-02-01,uttar pradesh,6951,244016,19781257.006121345,568.25,19400.497553998215
2024-02-01,uttarakhand,646,19518,998507.3877631968,73.66666666666667,1761.3799800210602
2024-02-01,west bengal,1526,82576,9036264.160764778,307.25,8896.583669547332
2024-03-01,andaman & nicobar islands,3,605,37737.60017200557,3.0,220.42844939126016
2024-03-01,andhra pradesh,7423,76957,8377648.189365887,327.0,8036.922731383175
2024-03-01,arunachal pradesh,1,2340,137083.56597914887,9.0,345.9059705235152
2024-03-01,assam,820,50077,3090917.4566078903,86.0,3102.55100199179
2024-03-01,bihar,2683,109921,10310883.045421544,124.0,5571.667086242313
2024-03-01,chandigarh,334,2819,104496.50441329632,12.0,414.7970999370485
2024-03-01,chhattisgarh,3730,50394,2530202.090272658,149.0,4156.1832847141695
2024-03-01,dnh and dd,29,1209,58141.65695791936,1.0,535.776435875022
2024-03-01,delhi,5899,47504,1662831.5792326236,1886.0,4321.970668135215
2024-03-01,goa,1868,6748,144512.22743033108,113.0,778.5209956335676
2024-03-01,gujarat,9157,120246,5986510.641459363,476.0,25705.11950502911
2024-03-01,haryana,1692,65422,2510986.6193189323,377.0,9453.743515508746
2024-03-01,himachal pradesh,107,8884,679970.1448315441,44.0,2129.714690535574
2024-03-01,jammu & kashmir,315,11100,1242171.243457013,47.0,1667.8746784551663
2024-03-01,jharkhand,876,42632,3267422.4526879787,135.0,3380.6804181851417
2024-03-01,karnataka,24224,150551,6051387.6181330215,5130.0,15009.424811873494
2024-03-01,kerala,9269,56770,3308824.859175902,958.0,6879.053010928718
2024-03-01,ladakh,0,92,,,175.7340453043413
2024-03-01,madhya pradesh,5915,110148,7193618.602866794,341.0,8346.021593668183
2024-03-01,maharashtra,27747,189389,11130512.025535312,3083.0000000000005,20950.722120916696
2024-03-01,manipur,15,1764,282883.42806101823,17.0,313.86828667121847
2024-03-01,meghalaya,7,3423,293877.8470087679,21.0,561.5116975033167
2024-03-01,mizoram,58,2395,108656.55482595832,,174.86129756137404
2024-03-01,nagaland,2,2516,196017.61349186103,6.0,203.02160421134892
2024-03-01,puducherry,482,5379,123612.9265476718,23.0,820.1886909417416
2024-03-01,punjab,1646,50225,2747911.3952019704,158.0,6559.766679743124
2024-03-01,rajasthan,8426,106480,6789598.468741831,500.0,10770.143633150985
2024-03-01,sikkim,0,854,60518.82862229765,2.0,151.60881967022902
2024-03-01,tamil nadu,14099,146166,7146075.169579229,642.9999999999999,14524.940511333923
2024-03-01,tripura,44,4284,363905.3622885788,18.0,249.30434660205796
2024-03-01,uttar pradesh,8188,244641,19791142.691781573,583.0,19400.497553998215
2024-03-01,uttarakhand,630,17318,999006.3919549824,76.00000000000001,1761.3799800210602
2024-03-01,west bengal,2654,77960,9040780.034908088,318.0,8896.583669547332
